x1,x2,x3,x4,y
-0.6483,-1.0576,0.0632,-0.6463,2.0457
1.2249,0.5634,0.1622,-0.7351,1.2113
0.833,1.2228,1.835,-0.5133,1.8514
0.4321,-1.3309,-0.1715,1.5536,0.6219
1.3299,0.4995,-1.6949,-1.1088,2.4446
-2.4871,-1.2739,0.8716,-1.7711,-2.2376
-1.2706,1.2366,-0.9872,-2.1179,3.0075
1.3821,1.6193,-0.345,1.8964,1.5364
0.6601,0.0693,-1.0754,-1.2555,-1.0827
0.4541,-0.4028,0.4359,0.0422,2.4186
0.0005,-1.2575,-0.1103,0.1991,2.4701
2.1361,0.607,-1.4026,-1.8961,7.5346
-0.8088,0.6173,0.8742,-1.6814,-0.1438
1.492,0.0921,-1.6759,-0.4421,3.2679
-0.1917,0.1906,0.4617,0.6752,0.5336
0.2517,0.1776,-1.0109,-0.5413,1.8219
1.5646,0.5384,0.0139,1.8463,0.2571
-0.3471,1.5923,-0.8127,-0.7249,3.86
0.4852,1.0294,0.2623,0.3349,3.7326
-0.5717,-0.6211,0.7478,1.2855,3.8511
-2.1418,-0.1327,1.3089,0.5177,-0.1725
0.9958,2.7408,0.3455,-1.4419,5.8161
2.139,0.4982,0.3228,0.082,2.2252
-1.4214,-0.1979,-2.4735,-0.4205,0.8443
-0.7004,-0.7401,0.4864,0.2066,1.8411
0.0122,0.2026,-0.3457,1.0217,-1.757
-0.0648,1.0255,-0.0919,0.6744,2.4307
0.0486,-0.5982,-0.2303,-0.5156,0.3965
0.5582,-0.2817,0.8337,0.7864,1.678
-0.7889,0.0927,0.3813,0.419,-1.011
-0.1889,-0.3855,-0.8318,-1.2001,0.1848
0.3574,0.2792,-0.3169,-0.4932,-0.3308
-0.2233,-0.8686,1.0904,-0.2059,2.4046
0.5871,0.9989,-0.0303,0.797,1.8816
-0.0284,0.267,0.4418,0.0324,0.9208
-0.1851,-0.1423,-0.6951,0.0972,0.1218
1.1212,-0.4875,-1.0827,-1.7312,1.6714
-1.0253,-1.3097,1.4711,-1.3931,-1.3275
0.8625,-0.7349,1.4854,0.579,3.1444
0.5408,1.1891,0.6207,0.9984,1.8564
-2.0189,-1.0297,-0.6155,2.617,-1.2081
-0.8992,-0.8478,-1.1655,0.411,0.8032
0.5246,1.1865,0.5084,-0.3207,1.1516
0.1621,-1.1911,0.7447,-0.0957,1.526
1.4103,-0.8275,0.1633,-0.2428,1.2372
-0.9366,0.4349,0.0909,0.1451,0.3531
-0.0361,-1.118,-0.1594,-0.4863,3.5224
1.9427,1.5557,-0.3481,1.791,2.3739
1.0626,-1.4129,-0.1824,-1.1927,2.4005
-0.1364,0.2995,1.1386,-1.3062,-0.7863
1.3937,0.5819,0.2413,0.8589,2.2037
-1.1404,-1.3802,1.0475,0.1832,1.236
1.3518,0.7004,-0.8243,-2.0302,2.356
0.6643,1.8611,1.9601,-0.5628,1.5528
-0.104,1.5206,0.0479,-0.2814,4.4339
0.3277,0.5317,-1.7027,0.5621,-0.5437
0.2737,2.0802,-0.7412,-0.2755,2.5511
-1.6339,-0.8017,0.5162,0.1364,0.9663
0.1293,0.6016,-0.6014,-0.7569,1.2076
-0.2884,0.7697,0.5999,1.7159,1.9071
-0.0435,-1.1754,-0.6414,0.4016,0.5129
0.2582,0.0268,-0.4476,0.584,1.1515
-0.0645,0.5787,-0.2212,-0.5796,2.2698
0.7927,-0.3362,-0.7132,-0.4332,-0.2128
1.4919,0.4648,-0.2399,-0.4035,1.4094
-1.9243,-0.8509,-0.8574,-1.2526,0.1319
0.3333,-0.647,-0.0315,-0.4258,-0.1084
0.2813,0.1679,-1.7958,0.1783,1.4073
0.0744,0.0268,-0.7804,-0.1525,0.7962
-1.7871,-2.2779,-0.9274,-0.3098,2.0373
0.6256,-0.7084,-0.3213,-0.4006,2.3049
0.0581,-1.2023,1.8537,0.5018,2.8327
-0.1572,-0.1282,-0.6009,0.2387,-1.3036
0.6786,0.6044,0.5701,0.0541,1.7316
0.2025,0.5012,1.3667,0.4746,-0.5634
0.5524,-0.6249,-0.0748,-2.7878,2.909
0.1826,1.0494,0.3752,-1.2539,1.9111
0.6842,0.1549,0.6541,-0.4008,-0.211
-0.3163,-1.294,0.6366,0.6636,1.7504
-0.5245,0.2864,-2.0322,-0.1505,0.8963
0.058,-0.4162,-0.0421,0.6228,-0.4901
-0.0901,2.208,-0.3169,-1.0327,4.4285
0.8519,0.9268,0.5879,-0.4706,1.7251
-0.8236,-0.7328,-0.5159,-2.3026,2.3192
0.2675,-0.0801,0.7752,1.4845,1.2256
-1.2237,-1.2422,0.393,-0.4398,0.6659
-0.125,1.6466,-0.9803,1.3071,2.2494
-0.0135,1.1643,-1.1306,-0.34,1.3475
0.7214,0.6843,0.5826,0.3741,3.0127
-0.584,-0.4259,-0.874,0.5215,0.087
-1.2666,0.3691,1.7967,-2.0484,-4.7906
1.4478,2.9609,-2.9812,0.4417,5.5442
0.9509,0.1912,-0.9255,-0.2282,0.2467
0.5449,1.4325,-0.669,-3.4233,5.2325
-1.4055,0.7424,-2.3103,0.8429,-1.3508
-0.0352,-0.799,-0.7525,-0.2374,3.0148
0.1717,0.5524,0.5618,0.1259,0.5709
0.9969,1.4223,-0.2036,0.4533,3.7283
-1.533,0.8324,1.6445,1.8784,1.3339
0.5885,-0.4537,-0.3345,0.85,2.5399
1.3303,0.7147,-0.625,-2.0374,1.8943
-0.5008,-0.4404,-0.4002,-0.9988,0.7356
-0.3957,0.7547,0.3581,0.1937,1.9522
-0.7185,-0.749,2.0186,-0.2925,0.703
-1.1627,-0.8818,1.0086,-1.3519,-0.8488
-0.1862,0.2693,-0.8086,-0.2975,-1.5005
-0.8309,-0.03,2.3661,-0.9667,-0.3692
-0.8068,-0.7483,-0.2233,-0.3524,-0.5602
-0.3486,0.6418,-0.822,-0.3978,-0.173
0.0178,0.7048,0.2487,0.3462,2.3824
1.7631,-0.3199,-0.7375,-2.4237,4.4099
0.6299,-1.5666,0.2316,1.5897,2.41
-0.7529,0.8708,0.3468,0.7439,2.5729
-0.9561,-1.7312,1.4823,0.355,4.1149
-1.5594,-1.1951,-0.611,-0.6675,0.9908
1.343,1.265,-0.4649,0.2821,3.95
-1.686,-1.056,0.0693,1.2126,-0.3427
-1.0282,-0.8361,1.7727,-0.5211,0.5295
-2.4443,-1.9582,-2.3345,-0.8986,5.1713
-0.4633,-0.421,1.2329,0.3002,1.3058
-0.524,1.1727,0.03,0.5145,1.016
1.7556,1.3426,0.6933,-0.1965,2.7395
0.0712,-0.7091,-0.3812,-0.2661,1.4498
1.3516,0.5708,-1.3966,-0.5504,2.0844
2.7875,1.2392,-0.6868,-0.6762,3.8914
-0.2424,1.1341,-0.7093,-0.2511,1.4807
0.5863,1.4979,-2.7997,1.1859,-1.9016
-0.5176,0.9653,-1.174,0.3546,1.1331
0.5278,0.5085,-0.4819,1.3503,-2.3533
0.2201,-0.115,-0.8339,-1.8979,1.7698
-0.5529,-0.736,1.1453,-0.9601,-0.1123
-1.0263,-0.7819,1.4989,-0.896,-0.4179
0.0815,0.1155,-0.1388,0.0431,-0.4065
-0.9499,-0.0444,1.3392,-0.2482,-0.0559
-0.25,-1.0615,-1.2842,-0.275,2.0112
-0.3778,-0.7909,0.1979,-2.249,1.391
0.6713,2.0433,-1.7399,-0.4957,2.9497
-1.2854,0.3452,1.0057,0.1511,-1.6129
-0.7357,1.1044,-0.4269,-0.5457,3.534
-0.4244,-0.6597,-0.4593,-0.0589,-0.0181
-0.2613,-0.5932,2.1611,1.0668,2.0357
-0.416,-0.8889,-0.1818,0.3308,-0.7545
-0.9242,-1.5083,2.3833,0.6131,2.2854
-0.9371,-0.1503,-0.0068,0.7432,-0.9708
0.2224,-0.5482,-1.3732,-1.575,3.2031
-0.4549,-0.7514,1.2196,1.8098,4.913
1.713,-1.7445,-0.8273,0.6708,2.2111
-0.8088,-0.7921,-0.2321,0.0143,1.0805
0.088,0.167,-0.9866,1.1996,-0.4959
0.9139,-1.2839,-0.2015,-0.7991,2.8396
-0.514,-1.2282,1.3053,-1.5043,-1.3417
-0.44,1.1456,-2.5746,-1.8597,7.5842
-1.2413,-0.5682,1.4812,0.3944,-0.1056
-0.1712,0.9742,1.5987,-2.1377,-3.7408
-0.0268,-0.752,0.5954,0.5175,1.9592
-0.7652,-1.52,-2.4418,0.5983,-0.3586
-0.0495,-0.8463,1.4107,0.6735,0.9165
-0.6242,-1.2856,-0.1448,0.0519,-0.5048
-0.1509,0.1975,-1.1977,0.5014,-0.0591
-1.4975,-0.6464,0.8769,1.0349,1.4087
0.5572,-0.3395,1.3406,1.247,3.1809
-0.5585,-0.5555,-0.1633,-1.0106,2.1297
-1.4073,0.044,-0.3635,2.0008,-2.3968
0.3321,-1.646,-0.3438,-0.0373,2.6966
0.5114,0.047,0.237,-0.7682,1.2712
-0.1003,0.3844,-1.0172,0.6929,0.3597
0.5021,1.5619,1.4096,-0.1489,2.3795
2.5029,1.2273,-1.8992,-0.1598,3.8853
0.4232,-0.4175,0.8976,0.2712,2.6316
-2.4492,-0.9825,2.2838,-0.241,-0.2673
0.4079,0.7591,0.5521,-2.1997,-0.0025
-0.0538,0.789,-1.3618,-1.1227,3.0292
-0.0293,-0.2347,-0.155,0.4628,-0.571
-0.9994,0.1708,0.2404,0.4779,-1.5028
-0.543,-0.9481,0.8514,1.4554,3.4755
0.0896,-1.2074,1.3074,-0.269,1.0883
-0.1969,0.8351,0.0924,-1.2925,0.612
1.601,0.4913,-0.4268,-1.1023,2.1602
-1.227,-0.1513,-0.335,-0.526,-1.9153
-0.8102,-1.1179,-0.0563,-1.4604,0.215
-0.2399,1.0832,0.8282,0.6141,1.2892
-0.865,-1.5799,-0.1771,0.4612,2.5447
1.2181,1.1389,-0.5873,0.2996,1.3112
1.5576,0.7992,0.2222,1.3811,1.8421
-0.7618,-0.8152,1.2983,1.0044,0.9903
-1.5693,-1.0295,-0.8159,-0.7861,1.6836
0.583,-0.0036,0.8264,-0.9181,-0.8058
-0.1544,-0.067,-0.2431,0.5991,2.1491
0.5672,0.0802,-1.5282,0.1027,1.4096
0.5365,-0.2941,1.3612,1.3924,2.5177
1.4664,1.6173,-0.3011,-0.3881,2.7468
-0.0033,0.3058,-1.88,0.6223,-0.5476
-0.4595,0.1923,0.8048,-0.5259,-0.3228
-1.2354,-1.7471,-0.0106,0.3595,1.3588
2.773,1.786,-0.5218,0.1188,6.3403
-0.8903,-0.6458,-0.5636,0.0867,1.427
-0.9965,-0.2781,-0.8328,0.5268,-1.8033
-0.4501,0.781,-1.8735,0.9467,0.8617
-1.2194,-1.0742,0.3867,-1.413,-0.2081
-0.0669,-0.6509,-0.2272,-0.8764,0.7137
-0.1097,2.8068,-0.3337,0.246,3.136
0.9484,-0.2633,-0.7112,-1.2424,0.8066
0.3687,0.574,0.2493,0.6004,-0.2689
1.782,0.7143,-0.0147,-1.0343,1.5773
0.9885,0.9913,0.5635,0.2208,1.9856
-0.793,-1.1738,0.7898,0.7678,2.5272
-0.2236,0.1103,0.0858,-1.2079,0.2505
-0.9484,0.4709,-1.5077,1.0593,-1.239
0.5555,-0.9458,1.2462,0.3485,1.9895
0.3955,0.6711,0.2161,-0.1429,1.1409
-0.0594,-0.0438,-2.4608,0.007,-1.2854
-1.3371,-0.6513,-1.2162,-0.9049,0.6042
1.1297,0.5297,-0.7315,0.8534,1.0932
-0.1512,-0.0771,-1.4686,0.0337,-1.8877
0.9882,1.3733,0.566,-0.8879,3.7609
0.0299,-0.6371,-0.7654,0.3271,0.6639
1.0581,-0.908,0.5288,-0.6466,5.4588
0.9784,0.8054,-0.0574,-1.0226,2.8741
0.675,1.2315,-1.6553,-0.228,2.2851
-1.9134,-4.136,-0.4266,0.5554,4.4079
-1.3958,-0.6332,0.6283,-1.2813,0.4169
0.5334,-0.1571,2.0532,-0.1793,-0.4319
0.0332,0.7181,-0.6729,1.0923,-0.1964
-0.9329,0.8483,-0.5632,1.8161,0.4916
0.6299,0.4906,0.9092,0.0943,0.0137
0.4375,-0.4839,-0.4555,0.5047,0.7817
-0.5316,-0.5452,1.524,2.0808,3.1026
-0.088,1.1918,-0.3306,-0.0845,3.4376
-1.9173,0.0895,1.8627,-1.2499,-2.2478
0.1198,1.6974,-1.0478,-0.0468,3.3556
0.8982,0.8213,-0.2504,0.4812,1.9335
2.1365,0.109,-0.9037,0.229,0.6819
0.5474,-0.1884,0.3351,-0.6804,0.4679
-0.1906,0.3125,-0.2474,-1.2538,-0.6976
-1.4763,1.4984,-0.5574,-1.1973,2.2272
-0.7389,-1.8518,0.0008,0.8005,2.2029
1.2005,-1.1027,-0.2242,1.1495,4.0312
0.6796,-0.5352,-0.1332,-0.1428,1.3832
0.3473,0.7013,0.7431,-1.0343,3.3138
-1.9706,-1.4996,0.0882,0.4559,0.6221
-0.1673,-0.2115,-0.914,-1.1471,1.7598
1.5231,0.7293,0.4882,-0.5606,0.927
0.1317,0.1586,2.109,-0.4295,-0.4627
0.4101,0.203,-1.4936,0.9603,-0.5683
-0.9643,-1.4492,-0.9567,-1.0516,2.6493
1.6133,-0.0241,-0.6694,-0.6729,0.0649
-1.538,-2.0931,1.8319,-0.1845,2.0628
-0.9599,-0.7128,0.0592,0.155,0.3605
0.951,-0.1508,-1.0361,-0.8259,0.9092
0.9876,0.3298,-1.471,0.3775,-0.0919
0.8935,0.8652,-1.4113,-0.4882,2.1402
0.6977,0.3756,0.1219,0.9034,1.7535
-0.9888,-1.4629,0.7776,-0.3595,2.1067
1.3656,1.0907,-1.7872,-0.8306,4.1905
1.6743,1.6512,1.5793,1.2986,4.9494
-1.0369,0.0775,0.0833,-0.1905,-1.7173
2.3394,2.2891,0.2586,-0.9964,4.4406
0.3642,1.7584,-1.4723,0.4999,2.1848
-0.2095,-0.6802,-0.4605,0.5443,1.5536
0.9103,0.945,0.2821,-0.22,1.3911
0.1013,-0.7823,-1.0841,0.0173,0.3782
1.5839,0.4576,0.1404,-0.4265,1.3386
-0.0719,-0.8681,-0.5564,-1.5516,1.9362
-2.5063,-0.6882,1.1486,0.3004,-0.4952
0.6693,-1.4512,-0.6894,-0.5484,4.0493
0.0182,0.2359,0.1535,0.2967,0.6198
1.112,0.355,0.7973,-0.2198,0.1288
0.8177,0.4112,-1.9497,-1.5861,5.2063
0.3674,0.3414,0.9094,-1.7577,-1.41
-0.1519,0.9253,2.7987,0.3727,2.7733
1.6667,-0.6573,0.4355,-0.66,2.7182
0.4013,-0.5437,-1.8799,0.0479,2.3642
-0.1794,-0.5485,-0.0918,-1.443,1.4093
-1.4179,-1.3879,-0.3895,-1.3465,1.5897
-0.2564,-0.3902,0.9294,1.9432,2.4705
-0.0796,-1.0946,1.1105,-0.0869,1.2071
-0.2852,0.1535,-0.4635,0.1481,0.2485
0.7041,0.937,-0.1974,0.8441,0.334
0.5772,-0.3729,0.0712,-1.0124,-0.3068
0.7678,0.367,-0.064,-2.2205,0.9977
1.7482,1.0566,-0.7372,-1.4857,3.6186
-0.0973,-1.422,-0.4569,0.9538,2.2137
0.819,0.6015,0.3537,0.4231,0.8623
0.4537,1.2427,1.03,0.0964,2.0301
-0.6297,-0.8815,0.679,-0.6746,1.2942
0.6671,0.1146,1.921,-1.1439,0.5154
-0.3963,-1.3825,1.7664,-0.0536,0.55
2.2272,1.8816,-0.1701,-1.5106,5.368
0.3869,1.9331,1.2257,0.2789,3.3413
-2.1857,-1.332,-1.6381,0.7365,-0.4798
1.9762,0.4131,-0.5726,-0.3697,1.8016
0.0306,0.5812,0.0049,-0.4948,-0.4302
0.8619,-0.1438,1.2419,-0.9142,0.186
-0.9191,-1.3731,-0.4009,0.3248,1.1406
-0.8972,-0.5247,-0.5162,-0.7943,-0.5955
1.0016,1.5324,-0.0888,-0.5866,4.3622
-0.6696,-0.5604,-0.4339,0.9765,-1.246
-0.8262,0.1941,0.9707,-0.3967,-1.3596
-0.1352,0.3467,0.8975,1.05,0.1293
-1.1131,-2.4096,1.0343,-0.7714,1.8305
1.086,1.5016,1.1209,0.5025,3.1983
-0.3629,0.6375,-0.0398,-0.6707,-1.519
0.7805,1.9949,-1.3389,-0.4448,3.7339
1.2706,0.733,1.258,-0.4975,1.077
-0.7821,-0.3529,-0.8896,-0.9216,1.0449
1.1671,0.7281,-1.3528,-0.3941,1.6902
-0.1282,-0.6147,0.535,0.5501,0.6657
0.0537,-0.7829,0.0623,-1.6928,1.0791
0.5546,1.1166,-0.6233,-1.6095,3.0972
-1.5271,1.4433,1.1433,-1.1801,-0.6381
0.2866,0.4804,-2.426,0.7129,-1.3333
-1.8853,-1.688,-0.8461,0.9427,0.9395
0.0764,0.8106,1.5145,-0.1062,1.3264
0.5969,-0.3354,0.1878,0.8754,0.5997
0.1839,-0.2371,1.4415,-0.84,0.2911
0.1727,-1.3854,0.8716,0.5606,3.7061
1.4999,0.4884,0.1062,0.6768,0.4202
-0.9048,-1.7136,0.7896,0.9942,2.8646
0.4238,-0.2792,1.4315,-2.0851,-1.6543
-0.1271,0.3527,-0.1371,0.188,-0.8108
-1.2468,-1.5476,1.5204,0.0257,1.9062
0.4724,0.931,-1.3629,0.5447,-0.1602
-0.2226,1.0942,0.8177,1.1375,0.2793
-0.2126,-0.8258,-0.6444,0.4944,1.2446
0.9426,0.6933,-1.151,-0.3443,2.7512
0.5572,0.465,-2.0922,-1.553,3.2231
-0.9733,-1.7292,0.9092,-0.8041,0.8522
0.0057,-0.0417,-0.3246,0.9728,-0.5564
0.7468,-0.1156,-1.837,0.5804,-0.3563
0.1644,1.2166,-0.4463,0.6944,1.5611
0.917,-0.1861,0.5637,-0.792,0.3955
-0.7972,-0.2679,0.7221,1.2564,2.4919
0.209,-0.3339,1.4288,-1.7897,-2.4375
0.5016,-0.1295,0.6729,1.1252,0.6399
-0.0524,-0.2934,-0.8323,0.4296,-0.0688
-1.405,0.6484,1.3694,-0.3867,0.4992
-0.6307,1.0466,2.227,-1.4981,-3.4779
0.4303,0.6758,-0.5673,-0.2722,0.6598
1.4992,0.9608,-0.0674,0.6773,3.0679
0.9522,-1.2077,-0.5249,1.9609,-1.118
-0.4327,-0.9428,-1.4051,-1.9025,5.9655
-0.6278,0.681,0.6846,0.1268,1.1624
-0.131,2.7795,0.3123,0.0417,3.5189
0.9329,0.8725,-0.7487,-1.0703,1.7984
2.1991,1.2402,-3.0953,1.7162,-0.9792
-2.1582,1.6672,2.2183,-0.848,0.5546
-1.6243,-0.7902,0.1767,2.0471,0.4957
0.6609,-1.1316,0.1115,-1.9179,1.732
0.9094,0.3249,0.643,1.0419,1.8803
-0.5494,-1.371,0.7144,-1.9102,0.0072
0.1187,2.0285,-1.1246,-0.4428,3.0394
1.442,0.2191,0.2015,0.4462,1.2672
0.0263,0.7139,-0.4538,-0.8805,1.8414
0.2368,0.442,0.444,1.8221,1.8278
-0.3461,-1.1189,1.636,0.5756,3.0959
-0.8877,-0.35,0.4711,-1.0583,-1.5854
0.3514,-0.6213,0.4229,-2.3194,1.2473
2.1019,0.7951,0.3152,-1.1071,2.0319
0.0794,1.4801,0.0069,-3.3621,1.8653
0.1642,0.1097,-0.9557,1.1049,-0.9617
1.4098,0.3814,-1.0549,0.9233,-0.7848
-1.5743,-2.2113,0.5061,-1.0705,1.2211
-0.273,-1.8833,0.4465,-0.6212,1.572
-0.7283,0.7212,2.3906,-0.4519,-1.9678
0.3838,2.5446,0.0735,-0.9884,5.0051
0.25,0.9725,-0.6009,-2.0842,3.0139
-1.6114,-0.7051,0.0861,-0.442,0.7518
-0.5872,0.5797,-1.2198,0.5551,-0.1748
-1.4957,0.1121,0.1877,0.2166,-1.5354
-0.2205,-0.8159,2.2512,-0.4695,0.7293
-0.8019,1.6113,0.3725,-0.2603,3.5567
0.6846,0.1238,-1.2819,0.4268,-1.2271
0.887,-0.293,0.0879,0.2947,0.8471
-0.1652,-0.9301,1.6806,-0.8681,0.0619
0.7383,0.7977,-1.3011,1.5534,-1.9103
1.8614,0.1255,-1.0096,1.4276,1.3161
-0.249,0.0522,-1.2827,0.6951,0.0521
1.7017,0.3562,-0.2406,0.0067,2.455
1.1311,1.2348,-0.6707,-0.5621,3.7827
-1.4324,-1.0983,0.6691,1.0974,-0.1433
-0.79,-1.3818,0.9759,1.1954,2.1443
0.2255,-0.6189,0.6724,1.3126,1.1895
-1.6325,-0.8365,0.7832,0.9966,1.9119
0.11,0.0183,0.0758,0.0748,-0.3353
0.7544,0.9698,-0.1834,0.2692,1.1154
2.1484,-0.2032,-0.1513,-0.6824,3.2055
0.5835,-1.0687,-0.3831,-0.0159,1.6885
-0.7601,-0.1343,0.1828,0.9844,-0.0246
1.0341,0.4829,-1.733,0.6272,-0.9945
1.5918,-0.3231,-0.944,-0.5583,1.0323
0.6318,0.3323,-0.425,0.0255,0.2777
1.3594,0.789,-2.7208,0.0035,3.4197
-0.4646,0.256,0.9517,-0.0417,0.2596
1.3,0.5898,-1.345,1.5871,-1.229
-0.3522,-1.1287,0.406,0.0282,0.5984
-1.3194,0.0059,2.2024,2.09,3.7
0.868,1.3286,0.3208,0.418,2.377
-1.2455,-0.2596,-0.1708,-1.5145,-0.1432
-1.5406,-0.1887,-1.4669,-1.2356,1.8252
-1.4483,-1.5108,-1.7778,2.4922,-4.1274
-1.0661,-0.7365,0.1951,-1.197,-0.5736
0.4638,0.4333,-0.418,-1.3211,2.2214
1.3777,-0.3671,-0.939,0.8993,-0.5165
-1.7949,-1.5178,-0.337,-1.0776,1.9473
0.7603,0.2598,-0.7855,0.1078,-0.7793
-0.1698,-0.4798,0.2282,-1.1531,0.9987
0.0626,-1.3963,0.0155,-0.7627,2.3005
-1.3804,-0.1186,-0.3743,1.2094,-1.35
0.4526,-0.3287,-0.7318,-0.0086,3.3937
-0.1669,-0.0638,1.0053,-0.1517,0.5768
-0.5517,0.1038,0.1153,-0.2528,0.2592
-1.3657,-2.0593,0.9154,1.6474,2.3123
-1.5194,-1.7854,-0.2988,0.0747,3.1161
-0.6737,-0.6483,-0.0573,0.4621,1.8371
0.3983,0.2406,-1.1905,1.4822,-0.909
-0.0504,0.4465,-1.296,0.7346,-0.8905
-0.1895,-1.6044,-0.0293,0.1654,2.0208
0.4287,-0.7809,0.2432,-0.8522,2.2441
-0.1101,0.3803,0.1172,-0.2539,0.8239
-0.8557,-1.3634,0.0661,-0.6283,1.4126
-0.2484,0.6094,0.8713,0.9012,1.359
1.4093,1.0708,1.1772,0.7492,3.6867
-1.4043,-0.4982,1.0324,-1.1036,-1.7416
-0.251,1.5698,0.5696,-1.1673,1.568
0.9304,-0.9762,-0.9529,-0.6412,3.1907
0.3352,-0.6141,-0.1893,0.0242,0.8203
0.7734,-0.888,-0.9909,0.7251,0.9244
0.5436,0.0634,-1.1537,1.8167,-1.997
0.2421,-1.5586,0.0565,0.1381,3.327
-0.5419,0.0326,0.0248,-1.5772,-0.0303
0.7695,-0.1276,-0.0971,1.3186,-0.3022
-0.2384,-0.2255,1.6478,-0.32,-0.568
1.5065,-0.1983,-1.3852,0.4048,3.069
-2.4307,-1.6248,-0.0968,1.0021,0.2823
-1.4262,-0.6931,1.9786,0.5213,1.85
0.3374,0.2061,-0.9725,0.5748,-0.1593
0.4529,0.7906,0.3361,1.1699,2.0524
-0.5314,0.1106,1.0493,0.5063,0.0338
0.2861,1.3317,2.0503,0.5842,3.3267
1.8984,1.1311,0.143,-1.0627,1.7865
-0.0424,-1.4776,0.5665,0.8407,2.023
-1.2828,-1.1249,1.027,0.8908,1.3783
0.6804,0.7551,-0.5956,0.861,0.5093
-0.3516,0.1819,1.2916,0.7226,-0.8059
0.0849,0.4855,-0.7823,1.817,-1.1385
-2.0171,-0.4954,0.5885,0.7803,1.5492
-2.3169,0.5702,0.2938,-0.4352,-0.4025
-1.3542,-0.072,0.6642,1.3031,-0.1756
1.4988,1.2048,0.0971,1.7663,1.6683
0.4321,0.3938,-1.0316,-0.6439,1.108
-2.9838,-1.9975,-0.5132,0.0277,1.1223
-1.5203,0.6894,-0.1655,1.031,-0.6867
-1.268,-2.2165,-0.2131,0.5675,1.2588
1.9701,0.9548,-2.9657,0.468,0.7935
0.4016,-0.157,-0.4551,0.1016,0.7247
-1.8936,-0.685,0.1698,1.4787,1.4417
1.0285,0.6374,-1.0675,-1.4117,2.9699
-1.0931,1.2687,-0.0662,1.1827,1.1661
-0.0876,-0.9428,0.5101,-0.4383,2.1248
-0.5862,-1.3801,-1.4688,1.1782,1.348
1.5028,1.5662,0.1674,1.5576,1.9273
0.5988,1.0088,-0.1271,-0.0788,1.3164
1.2194,0.7319,0.3286,-0.6557,1.9364
1.5126,2.0217,-0.835,-0.6031,1.8361
0.8463,0.789,1.0674,-0.8653,-0.4778
1.1283,0.1869,-1.0852,0.2659,0.8838
-0.912,0.1887,1.2238,-0.9669,-0.6507
-0.1866,0.6715,1.2254,0.5975,2.6441
2.0491,0.8284,-0.4997,0.0227,0.8412
-0.5266,1.0679,-0.1939,-1.0824,2.9037
1.3699,0.2117,-0.2493,0.482,0.2655
-0.4036,0.649,0.2336,0.4866,2.1045
1.5855,1.1119,0.3283,-1.163,0.8829
0.5735,-0.2681,1.3538,-0.7053,-0.9878
-0.6622,0.1083,0.6899,-0.2662,0.8602
-0.0951,1.7155,1.4926,0.6177,1.9175
0.5082,0.4606,-0.1415,1.2143,-0.5041
1.6911,0.4539,-0.4997,-0.6636,1.6125
1.426,0.7715,-2.5228,-1.1379,3.9258
0.4204,-1.0771,-1.2655,2.7679,-1.1131
-0.8754,1.047,0.9652,0.014,1.2113
0.7591,-0.069,-0.4708,0.9339,0.4286
0.5676,0.4729,1.0359,0.1567,1.3881
-0.5174,-0.8319,-0.5107,1.1169,-0.2056
1.216,0.8125,0.015,-0.8028,2.3475
-1.5232,-0.7994,-0.3525,-0.6693,1.1353
-0.5103,-0.6433,0.9422,1.098,2.0527
-1.0504,-1.4808,0.8701,0.5623,2.3861
1.7484,0.1256,-0.7471,-0.2261,0.2004
1.3512,2.1469,-0.909,-0.5527,5.6927
1.0224,0.0133,-0.3812,1.7295,0.2417
0.3887,1.0287,-0.7399,1.1718,0.837
-0.9309,0.1867,1.5368,0.385,-0.6016
1.2882,0.8707,0.6229,0.2291,0.6864
0.7568,0.7184,-0.4048,-1.5633,3.5059
-1.0319,-1.4914,0.4286,-0.0911,2.3951
-0.9866,0.2249,0.0754,-1.5656,0.0264
-0.9788,0.3272,0.7378,-1.1699,-0.2841
1.0383,-0.1249,0.0283,0.5266,0.1632
0.1549,-2.0756,0.2767,-0.0733,2.2225
-0.1333,-1.539,0.4205,-0.7361,3.674
1.7908,1.0056,2.4348,-1.2357,0.0042
-0.0843,-1.4859,0.6824,-0.0396,0.5972
-1.8236,0.1522,0.0464,-0.5271,0.5028
0.9685,-0.4763,-0.9058,-0.9351,0.7649
0.4615,0.6011,-0.7509,-0.9796,1.0091
1.8802,0.4791,1.0471,0.4561,3.4442
0.3971,-0.2303,0.2049,-0.4739,1.485
2.0242,0.3461,-1.6331,1.3555,-1.7714
-1.6437,-2.5506,-0.228,0.1771,2.6967
0.2326,1.2695,-0.7998,-0.8723,4.0127
-0.199,0.5804,1.3703,-0.8539,-2.5343
0.0586,-0.3699,0.139,-1.7369,0.6211
1.4753,-0.3019,-0.1454,0.1386,1.2603
1.2664,1.2158,0.44,-0.0768,2.1443
-0.3021,-0.5121,-0.4242,0.8818,1.7615
-0.3258,1.6383,2.3387,-0.1862,1.9719
-0.6015,-0.1433,0.7057,1.0385,2.5491
1.2195,1.0847,-0.0527,0.2225,2.1086
-1.2917,-0.2477,-1.5072,-1.7354,3.3136
0.5825,0.3879,-1.1388,-0.2505,2.672
-0.4653,-0.7768,-0.0813,1.2723,1.1538
-0.4073,-0.6447,0.1183,0.2591,0.1111
0.8679,1.3693,1.3511,-1.4038,1.1232
0.8978,1.3758,0.1755,-0.6057,1.8507
-0.5043,-0.9957,-0.8923,-1.0107,1.3075
-0.1413,-1.049,0.2862,-0.0649,0.8568
-0.5781,0.2901,2.4712,0.6446,1.7009
-0.2255,0.489,-0.4312,-0.2984,0.5937
0.7688,-1.797,1.5723,-0.7598,0.6818
0.4068,0.6321,0.2604,1.3441,0.307
0.4717,1.5026,0.8687,1.5379,1.9016
-0.2851,-0.34,-0.5228,0.7517,-1.4232
-0.2364,0.4672,2.042,0.0524,2.4305
1.622,0.4741,-0.5105,1.0406,0.3812
0.5427,0.5532,0.3467,0.7083,0.9484
-0.0065,0.1973,0.3451,1.4769,-0.4452
-1.817,-0.8479,0.9036,-1.1317,-1.372
0.7478,-1.706,-0.1378,0.6045,4.2128
-1.4749,-1.205,0.7979,0.5538,0.5721
0.5259,0.1272,0.5183,-0.2963,-0.2541
1.6805,0.5466,-1.0287,-0.8702,2.0414
0.4495,0.362,-0.6667,0.1173,2.6057
-1.3502,-1.5427,1.1602,-1.5208,-0.8548
-0.0135,-0.2154,0.8126,-0.295,1.8035
0.5705,1.1505,-0.0049,0.9497,1.1671
0.5819,0.5262,-1.5241,-0.1046,0.3421
-0.2599,1.2453,1.4118,-0.1543,3.0609
-1.2018,-2.1487,-0.0196,-0.32,3.9945
0.6658,1.968,-1.8634,-0.657,5.0223
-0.5883,0.5993,-0.2149,2.1553,-0.7444
1.1213,1.1072,-0.5274,1.2276,1.9835
0.0892,-0.0207,1.0779,0.075,-0.8506
0.9507,1.5792,1.151,0.774,4.2074
-0.2178,-1.0251,0.7623,-0.2747,-0.171
1.0398,-0.5111,0.4295,-0.7518,1.4262
-1.7931,-1.5932,-0.4428,-2.1261,3.8531
-1.4441,-0.5382,0.3658,-0.981,-1.8922
-0.1163,1.2766,0.4972,0.6602,2.4795
-0.1143,0.0474,-0.2009,0.0132,0.522
0.1518,0.744,1.5111,0.8626,2.3782
-1.2116,-0.0382,-0.3535,1.1136,-0.7926
1.1225,1.0977,0.2862,-0.3231,2.5225
0.5928,-0.6071,0.8615,0.3133,1.9523
0.8994,1.5651,-0.5439,1.7923,1.882
1.9053,3.2567,-1.2392,-0.9757,7.1249
-0.8533,0.323,0.5065,-0.908,0.8903
-2.181,-0.6577,-0.4362,0.5393,1.2822
-0.6627,0.6038,0.5218,1.7867,2.9409
-0.1753,0.4957,-1.9442,0.1037,-0.825
1.3861,-1.6389,-1.3582,-0.4345,3.0454
-0.6086,0.2008,-0.7245,0.9499,-2.0123
-0.2909,-1.1028,-0.8956,0.6294,3.4723
-0.0026,0.1774,0.2659,0.3843,1.5189
-0.4096,-0.5056,1.5644,-0.9835,-2.0791
1.0315,1.4512,0.2144,0.3916,3.3287
-1.4988,-0.8016,0.8422,0.8104,-0.0073
-0.5401,0.9576,-0.3326,-0.4772,1.2604
0.2029,0.9133,-0.9436,3.0445,-1.5557
0.3548,0.5456,2.2113,1.2384,4.4267
0.2819,0.0128,-0.4294,0.1288,-0.4133
-0.2519,-1.1393,0.7629,-1.0688,1.6122
0.813,-0.3056,1.3467,0.6776,1.0881
-1.3501,0.6578,0.3703,1.1227,0.1053
-0.8541,-0.2666,-0.0706,-0.0256,-0.2074
-2.1147,-1.0329,-0.3371,-0.3044,-0.2152
-0.7101,0.7557,0.3369,0.5062,0.352
1.6923,1.6888,1.4601,0.0984,4.493
-0.0571,1.1948,-0.6996,-0.8568,2.9063
-0.8815,-0.0142,0.4356,-0.6149,-0.5572
0.7634,-0.8523,0.3309,0.4697,1.5016
-0.1639,-0.9929,1.3767,2.1508,4.2453
0.65,-0.0984,-1.0425,-0.9607,2.3455
0.084,-0.4816,-0.328,-0.564,1.1903
1.3215,0.8633,-0.3962,1.4254,1.1867
1.2715,0.3305,-0.6358,-0.2683,0.8269
-0.3972,0.5498,0.7052,2.4627,1.8267
0.7082,1.764,-0.5538,-0.6156,4.2486
0.7536,0.1845,-0.1055,0.2224,0.6515
-0.6429,-1.8298,0.5643,1.0757,1.8834
0.1471,-1.575,1.3998,-0.7757,0.3629
-0.1679,0.0012,-0.8053,2.4582,-1.5639
0.0157,-0.0723,-0.4502,-0.9998,1.0405
-1.0618,-0.9858,0.4558,-1.3755,0.374
0.5257,-0.6706,-1.6918,0.746,-0.1044
0.2224,-0.4658,0.2451,-0.1085,3.0319
0.5257,0.5249,-0.148,0.6565,1.9117
-0.9535,-1.3035,0.8328,-1.2316,-0.9676
-0.7818,0.0303,-0.4145,-1.2782,0.6197
-0.1119,-1.034,1.3215,0.4683,2.0332
-0.4635,-1.7368,-0.7755,-0.2141,1.6601
-0.5844,-0.5646,-0.6869,-1.7571,1.4335
1.2697,-0.9202,-1.9432,-0.0618,-0.6076
0.332,-0.6626,-1.2832,0.427,1.6588
0.3201,0.9657,-0.3751,1.3168,0.3552
-0.3232,-0.832,-0.6123,-0.3035,0.8218
1.7788,-1.3788,-1.1982,0.7356,2.5924
-0.9156,-0.5459,0.4588,2.4577,1.6203
0.2616,-0.3378,0.4786,0.7587,0.541
0.5541,-0.2569,-1.9791,0.7299,-1.0745
-0.6479,0.4719,-0.4958,-0.2464,0.6619
-0.0578,0.4958,-0.5392,-0.2692,0.1743
-1.5806,-0.9056,0.3122,0.1407,1.5851
0.5231,-1.0077,0.2873,1.4182,2.2353
-0.3489,-0.2153,-0.2686,-0.5107,1.3307
-0.826,-0.6055,-0.5401,-0.0487,-0.3353
-1.7966,0.7332,0.7904,1.4139,2.3758
1.3208,1.0388,-0.1124,-1.2351,3.4327
-0.3372,-1.0276,-0.0156,1.2464,3.1895
-0.4515,1.1025,-0.1624,0.5819,1.0925
0.7179,-0.1106,-1.4192,-1.6223,3.7466
-0.593,-1.0482,-0.295,0.5323,1.7108
-0.2936,-0.7514,1.3721,0.6103,2.6705
-1.4031,-2.055,1.0191,-0.0796,2.2238
-0.535,-1.1798,-1.9418,-1.1169,4.7791
-2.0253,-0.936,1.3338,-1.1893,-0.975
-0.11,-0.1073,-0.043,1.2128,-0.0682
-0.2042,-2.0939,2.1879,-0.2494,1.604
0.6411,-0.2568,-1.1613,0.6102,2.2676
-1.3204,-1.7017,-0.7203,1.0568,1.1363
1.4433,1.6851,-0.9605,0.4406,2.4857
-0.3458,1.4467,-0.5101,0.6094,1.9313
-0.2571,-1.5756,-0.0777,-0.7007,1.99
0.7297,0.1431,-1.3218,0.225,-2.111
-0.042,0.546,0.3862,0.9033,-0.7959
-0.1765,0.2694,-0.9798,-0.2203,2.9593
-0.2045,-0.8752,-0.1728,1.9721,0.9941
1.831,-0.4987,-0.5878,-0.048,2.7009
-0.0155,0.3761,-0.4688,-0.3093,-0.3301
-1.1405,0.0567,-1.004,0.4196,-1.7693
-0.9631,-2.5015,1.416,-1.8165,-0.509
0.7077,-1.1549,0.7857,1.3896,3.4142
-0.0966,0.5519,1.1229,-0.6531,-0.1203
-0.5009,0.8084,-0.8436,1.3224,0.3579
-0.0722,-0.2621,0.4651,0.9637,0.231
-1.311,-0.6618,0.1249,0.9053,0.4885
1.0203,-0.7576,0.4104,0.2257,1.5291
1.1437,0.2689,-0.542,1.6209,-0.9697
0.0191,-0.0241,0.0609,0.3679,1.2464
-0.8567,0.6533,0.0504,-0.3131,0.1865
-1.2199,-1.2727,0.0969,0.5409,1.1995
0.5843,0.0338,0.953,-0.211,-0.5892
0.0062,-0.6776,0.687,-0.3081,0.3085
-1.2836,0.8876,-1.927,-0.4475,0.7875
-2.6044,-1.6228,-0.3631,-0.1826,0.7695
0.945,2.1394,-0.4415,0.0837,2.8624
-0.0145,-1.0186,0.118,0.4913,2.4264
0.7342,0.8931,-0.843,1.2934,1.3217
-0.7924,-0.2007,-1.4011,0.3065,-1.0006
0.1661,-0.3846,-0.1172,0.3518,-0.2615
0.5271,0.165,-0.6169,-0.8786,-1.4469
1.2675,1.9195,-0.2367,-0.4284,2.4418
-0.83,0.0063,-0.0574,-0.892,0.0597
-0.6315,-0.2589,-1.6299,1.3238,-1.6225
0.6837,1.5889,0.9609,0.3145,2.861
0.8209,0.7033,-0.5832,0.0464,1.9257
0.1794,0.4535,0.7665,1.3007,0.946
1.2828,-0.2085,-0.0575,-0.3463,-1.4956
0.5101,-0.149,-0.8132,0.39,1.2857
0.1934,-0.1748,-0.533,-2.3901,1.8739
1.1204,1.2052,-0.5105,1.0938,3.2865
0.3228,-1.4443,-0.7681,-0.3953,2.115
0.3172,-0.0405,3.3823,0.3094,-1.3195
-1.6527,1.918,-0.1148,0.5236,1.3653
-1.074,1.1099,0.5292,1.0323,2.5705
0.6506,1.15,-0.0357,-0.5751,1.3213
0.0643,0.2746,-0.2127,0.8627,-0.6412
0.2904,-0.4524,-0.4053,0.7923,0.6375
0.7093,0.8221,1.3172,0.7011,0.6104
-0.1141,-0.6049,-0.3795,0.4947,1.599
0.2506,-0.4923,-0.1667,-0.7438,0.8894
0.0919,-0.3407,-0.0615,1.2715,1.2029
1.0837,1.371,-1.3947,-0.4156,3.7355
-0.7063,-1.3263,-0.4316,-0.1438,3.3179
0.031,-1.5485,-0.2652,-0.3494,3.5172
0.1051,-0.3303,-0.8374,-1.452,1.3612
1.0419,0.8845,1.2513,0.1618,2.3897
0.3908,-0.2907,1.0379,0.7505,-0.0581
-0.616,-0.2475,-0.545,-0.5867,-0.1436
1.7683,1.9676,0.8682,1.2076,4.9875
-0.0968,0.166,0.4076,-1.5076,-0.482
-0.8967,0.3813,0.2151,-0.4753,-0.9975
-0.3212,0.488,-2.166,0.4641,-0.0125
0.6765,0.0864,-0.4577,0.8033,-0.9276
1.8172,1.1951,-0.3321,0.2107,3.5164
-0.0602,-0.2155,-0.5304,0.8947,0.45
1.6186,0.0967,-0.3744,1.4579,0.6979
-1.8734,-0.5446,0.9156,-0.593,-3.0888
-0.3688,0.3356,-1.0246,2.2778,-2.4938
1.0236,1.3932,1.8336,-2.1229,-0.7426
0.6323,1.5492,1.5716,-0.189,1.615
0.6535,-1.0099,0.9825,-2.3697,-0.2781
-0.6402,-0.6961,-0.1924,-1.7147,0.9246
1.4185,0.8494,-0.6585,-0.3301,1.7434
0.1941,-0.6645,-1.1871,0.4109,0.5529
-1.2256,-0.1833,1.154,-0.2525,0.0506
-0.9597,-0.2685,0.4163,0.5646,1.1616
0.382,-0.7492,-0.1959,-1.6254,1.8042
0.0584,0.2917,0.8848,-0.6003,-0.5599
0.6505,0.8487,0.5752,0.0843,3.4167
0.3532,-2.1499,0.4957,-0.5293,4.1343
0.3364,0.0147,-0.7639,1.5489,-1.335
0.6289,0.8788,0.6818,-2.2654,2.596
-0.0554,-0.0019,-0.6309,0.0981,0.0793
-0.734,0.2052,-0.8078,-0.0947,-1.2927
-0.919,0.1013,-1.0921,-0.4392,-0.6161
0.6226,-0.187,-0.6788,0.2967,-0.1941
-0.1068,-2.0898,0.067,1.1438,3.3154
1.0902,0.3249,-1.9168,-1.0074,3.563
0.9668,0.0448,-0.9186,-0.5536,2.266
-0.4904,2.3488,0.1769,-0.2821,3.9198
-1.4651,-1.6465,-0.1902,0.0845,2.0237
0.3659,0.8448,1.3079,-1.5479,0.5545
-1.2138,-1.5149,1.9231,0.7643,2.9592
0.0633,1.1532,0.3516,-0.3451,1.6305
-1.5345,-0.7298,0.5975,-0.4362,-1.1743
-1.8325,-0.6724,1.2803,1.23,0.3386
0.4431,-0.3257,0.5562,-0.0014,0.0613
-0.3091,0.1148,0.0304,-0.0643,0.9092
-0.2111,0.848,0.0038,0.2444,2.0779
1.3928,-0.2264,0.1476,-1.3693,-0.4153
0.5558,-0.6608,0.4976,-0.708,-0.6902
-1.3926,-1.3658,0.6508,1.6808,3.2964
0.0163,-1.6602,0.1202,-1.2828,2.4291
-2.3229,-1.4639,-0.5781,-0.4349,3.6412
1.0272,1.1429,-0.93,-0.9796,2.5873
1.2343,1.3867,-1.0189,-1.682,5.075
-0.2316,1.6492,0.0918,-1.1372,2.793
1.6557,-0.0083,-0.8525,0.0428,0.088
1.7607,1.5306,1.4498,1.0777,6.1281
-0.3195,-1.3841,0.6807,0.2056,0.4049
0.4172,0.7416,1.0494,-1.2275,-0.652
0.4146,-0.2701,-1.4697,0.9177,-2.2166
0.2172,0.0044,1.3706,0.4757,0.2948
-0.5746,1.0914,-0.3698,-0.2605,1.3099
-2.2458,-0.6209,0.861,0.4289,-0.0472
-0.1718,1.2022,-1.5611,0.271,2.0495
-1.2572,0.2148,1.2063,1.579,-0.5036
1.6171,1.8048,-1.4257,-1.7332,5.5062
-0.3356,0.1285,0.8494,-0.7552,-1.7805
0.3153,1.0549,-0.2433,0.9537,2.4363
0.2269,0.2778,-0.5037,-1.4879,2.9044
0.0155,0.6073,0.4358,0.2354,1.6871
-1.3143,0.1416,-0.1612,0.0352,0.5166
0.5852,-0.6322,-1.3428,-0.5816,3.0181
-0.4391,-0.942,-0.6647,-0.3362,2.4564
-0.4826,0.9902,0.1622,-0.6604,-0.9938
-0.0709,0.5371,1.0655,1.1703,0.2866
1.2725,-0.957,0.916,-1.2576,0.5285
1.1021,-0.596,0.3787,0.8836,-1.199
1.328,1.0375,-0.7458,1.5756,0.5068
-0.0816,-0.422,-0.736,-0.1999,1.3438
-1.7184,-1.7099,-0.8536,-0.7379,0.8787
-0.6107,-1.4089,1.6849,-0.2657,2.8245
0.6809,-1.2423,-0.3494,-0.4323,1.4501
-1.1448,-0.8168,1.251,-1.0442,-1.5916
-0.9523,-0.5437,-0.7363,0.3054,0.7827
-0.3329,-0.2138,1.0962,0.0631,0.8619
-1.3336,-1.5576,1.3937,0.6217,3.0355
1.0751,1.3357,-1.1627,-0.3131,3.3584
0.6221,0.6176,0.1524,-0.3844,1.1104
0.5134,0.3667,-1.7675,-1.4468,3.9001
-0.4192,-0.1723,0.8992,-0.1733,-0.6013
0.6132,-0.4152,1.4416,0.9016,0.8772
-2.6315,0.8782,1.115,0.1944,-0.3792
-0.0261,0.222,-0.7503,2.0392,-0.7521
0.9975,0.4737,0.0265,2.27,3.3261
0.3592,-0.2723,0.5697,0.569,0.7457
-0.7343,-0.8161,-1.1352,-0.8129,2.7
0.1622,1.3797,-0.6901,0.5453,3.9301
-0.48,0.058,-1.6309,1.0885,-0.3724
-0.3583,0.1676,0.8344,-0.8775,-0.6972
-0.333,-0.4033,1.1356,-0.4645,0.1881
-0.4275,-0.4594,-0.196,-0.2366,0.9061
-0.6264,1.15,-0.2275,1.0297,1.0869
-0.3874,0.1837,-0.3421,-1.2303,-0.5222
0.5946,1.0472,0.8691,-0.3481,1.1899
-0.9416,0.7112,-0.6605,-0.257,1.8512
0.5597,-0.9833,0.1251,1.0552,0.5285
0.0596,-0.0451,0.4594,0.7675,0.4363
0.3493,-1.217,-0.4399,-0.2888,1.1169
-1.6107,-1.5435,0.735,-0.0588,-0.1321
2.1749,1.786,-2.6275,-0.5452,4.389
-0.2858,-0.6604,0.7802,0.9546,1.8469
-0.0584,1.264,0.9208,0.3775,2.0794
0.9709,1.4335,0.6987,0.5893,0.7483
0.4208,-1.4488,2.7167,2.6858,8.1991
-0.6126,-1.6506,0.943,0.0894,2.8728
-3.0066,-2.7822,0.3753,-0.9748,2.0358
-0.3524,-0.4945,1.5963,-2.4827,-4.9252
1.2852,0.9478,-0.9207,0.5204,0.8302
-2.0035,0.6278,-0.2587,1.1781,0.5367
1.2757,-0.2661,0.4408,2.2544,1.029
1.2766,0.1954,0.2923,1.1864,0.0119
-1.3987,-0.6127,-0.2485,1.3416,0.307
0.8801,0.418,-2.3691,1.2488,-0.3713
-0.2103,-1.234,-0.2431,0.355,1.8564
-0.9681,-1.8626,1.4589,-1.3712,-0.9348
-1.5898,0.0752,1.0329,0.27,-0.4704
-0.6564,0.1462,-1.0998,0.3866,0.5286
0.1101,0.4602,-1.6375,0.3483,0.6889
-0.141,-0.3249,1.4718,-0.1584,0.7706
-1.304,-0.4526,0.4858,2.1082,0.39
-0.9892,-1.2864,-0.7178,0.6801,1.4937
-2.0857,-1.9529,0.3634,0.0783,0.6442
-0.942,1.1599,1.0981,0.5353,1.7367
-0.1128,1.7979,-0.7189,0.8717,1.0173
-1.0144,0.4741,0.8588,-0.3035,0.9672
0.6879,-0.3148,-0.8602,0.8684,1.2604
-0.6406,-0.4438,-0.9482,1.5001,-1.382
0.4384,-0.7944,-0.6705,1.0786,-0.6246
-1.1815,-0.0422,-0.4182,-0.5215,0.2262
-1.4487,-0.758,1.1529,0.2062,0.4698
-0.4278,0.7887,-0.2896,0.6427,0.1633
0.2475,0.063,-0.1959,-0.8072,0.0084
-0.1273,0.6587,-0.323,0.5575,0.1461
0.4983,-1.1099,-0.9924,1.4747,1.5533
-0.1335,1.0901,-1.3481,0.5379,1.0422
-0.3865,0.1301,1.441,0.4092,0.1273
-0.6893,1.2737,-0.1758,0.5171,1.5067
-0.3309,-1.4533,1.1846,-2.7816,-0.0956
0.9861,1.6757,0.8307,0.1971,2.4146
-1.088,-0.995,0.5008,-0.8142,-0.1716
0.9902,1.4165,-0.3143,2.0945,1.8057
0.3832,0.5532,0.0092,-0.2229,2.0501
0.4633,-0.3357,0.7258,-0.1643,0.2602
2.361,0.8507,-2.1578,-0.7692,4.0111
0.2389,1.9082,-0.8906,0.9961,2.5276
-0.3784,0.1436,-1.0873,0.3819,-0.389
1.5134,0.7857,-0.2073,-0.2585,4.3567
-0.0994,1.2115,-0.099,0.4217,3.4737
-0.3282,-2.3061,0.2056,0.4729,4.0761
-0.0937,0.9222,-0.2984,-0.4935,1.7661
-0.2943,1.2911,-1.4126,-0.569,4.0326
0.2861,-0.952,-1.4977,0.695,0.3063
0.2173,2.1713,-0.1848,2.0789,2.595
1.2152,-0.7525,0.438,2.0855,1.0129
-0.4238,-1.3019,-1.901,-0.1335,0.5275
0.5176,0.2764,1.5044,-0.3381,0.1954
2.2554,-0.7749,1.3156,-0.0608,3.5963
-0.2344,0.1107,-0.3849,0.8041,1.4952
-0.8459,-0.6232,1.2925,-0.5604,-0.3299
2.2312,1.5855,1.0723,2.3272,6.4565
0.359,-1.0988,-1.3323,0.1724,1.5599
-0.6741,-1.2206,1.0873,1.4378,1.9969
-1.0873,0.127,1.463,-0.7675,-0.3981
-0.9949,-2.2208,0.7423,0.0792,1.9598
0.5567,-0.4498,0.3002,0.5061,1.8624
-0.3451,-0.5961,0.5818,-1.9118,-1.7428
-1.1891,-0.9934,-0.2692,0.4062,-1.2826
0.9865,1.3231,0.6889,-1.0211,0.8146
-0.2558,-0.3482,0.0057,0.5159,-0.8258
-1.7222,-0.7602,1.3858,-0.6822,-0.2518
0.8162,0.123,-0.0798,-2.1543,1.8688
-1.3386,0.0229,0.9126,1.0778,0.7982
-0.2523,0.0474,-0.1091,1.1237,1.084
-2.7259,-1.1122,1.0709,0.7404,2.4781
0.5284,-1.136,0.657,0.0392,2.913
-0.721,-0.6251,0.7582,1.4334,2.0888
-0.5924,1.2238,-0.1694,1.6998,-0.6146
0.5784,-0.7999,1.1151,-2.3077,-0.981
0.6386,0.1637,0.9202,-1.2316,0.7548
-1.3079,0.5175,-0.7235,-0.3241,0.2962
-1.443,-2.0834,-0.6427,-0.1292,3.0174
-1.1452,-0.9082,-1.4121,-0.2958,2.002
0.9996,-0.183,-0.5957,0.0456,1.1182
-0.6534,-1.2416,-0.4433,-1.7753,1.7243
-1.0908,0.0543,-0.1869,-1.5774,0.3819
1.8868,-0.2362,1.0859,-1.1398,-0.3956
0.8732,0.1205,-0.9979,0.3323,-0.8974
-0.8423,-0.6588,-2.1733,-0.2687,1.2266
-0.9049,0.2784,0.1812,-0.7028,0.5826
-0.6184,0.1107,-0.28,-0.817,0.7988
-0.88,-0.1234,1.7056,-0.3724,-0.6586
0.293,0.0309,1.4706,-1.0805,-2.7917
-1.84,-0.9174,1.0844,-1.182,0.299
-0.1094,0.6619,-0.4384,0.7021,1.4721
2.0685,1.248,0.9159,0.8989,3.3267
-2.4281,-1.5333,0.2718,-0.1045,0.6664
-0.0129,-0.3517,0.072,0.1994,1.2135
1.1884,1.3762,0.0497,0.0139,1.7679
-0.8971,-0.1931,-1.4396,-0.3308,1.6477
-0.8464,-0.5083,-1.1863,-0.3089,0.949
0.2179,0.6663,0.3212,-1.0975,3.9605
0.4533,-0.0468,-1.4361,0.1512,0.2908
-0.3197,0.7459,-0.9981,-1.4923,2.4408
1.8628,1.8696,-1.3494,-0.2576,3.5014
0.4417,0.9858,0.073,0.5712,1.3136
-0.5141,1.4377,-1.0685,0.2401,2.7776
0.5457,-0.1028,-0.2278,0.056,-0.6144
0.8159,-1.2391,0.8189,0.766,0.6371
0.0164,1.1249,-0.0935,1.6706,1.244
-0.5664,1.3875,0.0899,-1.7756,2.6279
1.8947,-0.285,0.7074,-0.6624,0.4324
0.3284,-0.0351,0.9767,-2.8476,-2.0114
-0.6272,1.742,1.4668,0.0872,1.6453
-0.9096,-1.3309,0.3098,0.999,1.0111
-1.3366,-1.1557,1.6948,1.0043,2.3035
-0.7507,-1.2891,0.9095,-0.7446,1.8695
0.0508,-0.7314,-0.6084,-0.8401,0.2577
-0.0734,-0.64,-0.2597,-0.1664,0.613
1.1315,1.1221,-0.7516,-0.3145,2.0265
-0.9547,-0.1541,0.5815,-0.2159,0.1948
0.323,-0.9421,1.6008,0.2852,0.4724
0.193,0.013,-1.4377,-0.8345,2.9136
-0.8957,0.5771,0.1503,0.1455,0.1014
-0.4193,-0.7599,0.8746,1.3009,1.6894
0.8435,0.015,0.7169,-1.1986,-2.1096
1.4873,0.5738,-0.2311,-0.2084,2.1155
-0.2247,-1.1709,-0.8011,1.2258,0.8932
0.5828,0.716,0.7762,-0.1847,2.8403
-0.5378,0.6093,-0.5139,1.4728,-0.1274
-0.7716,-1.6058,0.8793,0.4401,1.7138
-0.8154,-0.797,0.1408,0.2852,1.4331
-0.6106,-1.3979,0.659,0.7225,3.0915
-0.6846,-1.2514,-1.3909,1.2949,-0.5279
2.7499,2.5236,-2.0992,-0.7884,6.1367
-0.3326,0.0298,0.3198,0.026,1.2587
0.6579,0.4693,-0.9681,0.5488,1.4492
-0.7544,-0.297,0.4225,-0.4728,-1.1761
-0.2365,-0.6436,-1.7828,0.0123,2.1769
0.3003,0.3534,0.9336,1.7148,0.1915
-1.3143,-0.981,0.1047,0.4888,0.4888
0.2089,1.3974,-0.271,-2.0218,2.0066
0.5503,1.0007,-0.8839,-0.6793,4.7117
0.6796,0.1382,0.0358,-1.9409,1.2424
-1.5053,0.1732,-0.3662,-0.171,0.1989
-1.0472,-0.0212,-1.3559,-1.9093,2.2905
2.0942,1.1295,-0.6168,-0.8915,3.763
0.9888,-0.6323,-0.9797,-0.4562,3.3254
0.1523,-0.4087,-1.5099,0.3275,0.9498
-1.3476,-1.5845,-0.3768,-0.3566,3.6593
1.6162,1.2733,1.0871,-0.1003,2.0168
0.2685,-0.4334,0.0898,-0.3083,1.2275
-0.0252,0.5639,-0.4553,-1.9905,1.2019
1.556,1.5566,-0.6303,-0.2678,3.5373
0.1137,-0.6614,1.7638,-1.7865,-0.4217
0.2581,-0.2461,-0.4941,-1.5462,1.2954
-1.6564,-1.645,0.5958,0.3265,0.9858
-0.3529,0.7333,0.7753,-0.1511,0.0525
-1.2701,0.6526,-0.9186,1.1071,-1.085
-1.3926,0.1239,0.7326,0.2578,1.4653
-0.2483,1.0931,-0.4115,0.8805,1.5649
0.1597,-0.4185,-1.508,-0.5517,0.8334
-0.029,-0.3871,0.1607,1.0045,1.5803
1.8353,1.5208,0.6532,-0.5528,2.0333
1.0884,1.4265,-1.3579,-0.089,2.8106
-0.0906,-0.9547,-1.0902,0.0305,0.807
0.0819,0.4663,0.3403,-0.3939,-0.0619
-1.4157,0.7294,1.0165,-0.8014,-0.4823
0.5088,0.331,0.1064,-0.0351,-0.1567
0.6173,-0.4976,-0.2189,0.6469,1.1486
-0.4592,-0.2276,0.6675,0.2383,-0.3259
-0.4671,0.1874,-1.7531,-1.3627,3.1096
-1.344,-0.4984,0.6245,-1.4447,-2.3785
-1.4537,-1.2697,-0.1853,0.9318,2.0331
-0.1072,0.516,0.9949,-1.2943,0.3309
-0.6956,-0.3744,0.4677,0.1763,2.9469
1.8491,0.2078,1.0648,0.09,1.0541
0.3994,-0.2333,0.4064,-0.2475,0.317
1.408,0.6848,-0.8671,1.0509,0.9791
-1.563,-1.5934,2.3749,-1.5239,-0.4042
2.0656,0.984,-1.0432,-0.5059,4.5602
0.32,-0.7765,-0.3834,-0.6257,2.0837
-1.147,0.0791,2.0201,0.7656,0.3818
-1.0942,0.6416,-0.3285,-0.2248,-0.6807
0.5896,1.4792,-0.925,0.4188,1.94
0.0004,-0.263,-0.3737,-0.5117,0.7627
0.5214,-1.4809,-0.4547,2.0978,1.1816
0.9081,1.6313,0.2683,-0.9667,2.3682
0.3058,1.9865,0.8764,-0.0156,3.1685
1.8231,-0.2038,-0.6474,0.167,1.152
-0.9719,-0.8392,3.0337,1.7392,4.8476
-0.651,0.1355,-0.8775,0.871,-0.0076
-0.6765,-0.0389,-0.8014,0.6845,-0.3842
0.8155,0.9563,0.8072,-1.7702,-0.1904
0.7413,0.4591,1.0072,-0.6486,1.2211
-2.0208,-0.1035,-0.3137,0.7496,-1.0938
-0.8449,0.0637,-1.5983,2.2756,-3.9127
-1.0831,-0.9889,1.6534,1.6461,4.5205
