Store,Dept,Date,Weekly_Sales,MarkDown1,MarkDown2,MarkDown3,MarkDown4,MarkDown5,IsHoliday,sample_weight,Weekly_Sales.predicted,Weekly_Sales.predicted.lower,Weekly_Sales.predicted.upper
4,4,2010/2/5,59554.57,-1.0,-1.0,-1.0,-1.0,-1.0,0,1,43311.383,39446.1417502653,49765.42804791178
4,4,2010/2/12,54069.82,-1.0,-1.0,-1.0,-1.0,-1.0,1,5,40642.984,36777.7433127653,47097.02961041178
4,4,2010/2/19,53939.17,-1.0,-1.0,-1.0,-1.0,-1.0,0,1,40473.965,36608.7237815153,46928.01007916178
4,4,2010/2/26,54687.08,-1.0,-1.0,-1.0,-1.0,-1.0,0,1,40213.37,36348.1300315153,46667.41632916178
4,4,2010/3/5,56959.02,-1.0,-1.0,-1.0,-1.0,-1.0,0,1,41961.83,38096.5870627653,48415.87336041178
4,4,2010/3/12,52142.35,-1.0,-1.0,-1.0,-1.0,-1.0,0,1,39294.125,35428.8839377653,45748.17023541178
4,4,2010/3/19,51535.33,-1.0,-1.0,-1.0,-1.0,-1.0,0,1,50233.23,46367.9894065153,56687.27570416178
4,4,2010/3/26,47886.96,-1.0,-1.0,-1.0,-1.0,-1.0,0,1,47904.004,44038.7628440153,54358.04914166178
4,4,2010/4/2,56959.52,-1.0,-1.0,-1.0,-1.0,-1.0,0,1,54935.5,51070.2589377653,61389.54523541178
4,4,2010/4/9,49746.01,-1.0,-1.0,-1.0,-1.0,-1.0,0,1,51213.363,47348.1222190153,57667.40851666178
4,4,2010/4/16,53694.53,-1.0,-1.0,-1.0,-1.0,-1.0,0,1,52670.477,48805.2355002653,59124.52179791178
4,4,2010/4/23,51630.47,-1.0,-1.0,-1.0,-1.0,-1.0,0,1,52231.82,48366.5792502653,58685.86554791178
4,4,2010/4/30,52820.8,-1.0,-1.0,-1.0,-1.0,-1.0,0,1,52325.812,48460.5714377653,58779.85773541178
4,4,2010/5/7,54037.74,-1.0,-1.0,-1.0,-1.0,-1.0,0,1,53912.902,50047.6612815153,60366.94757916178
4,4,2010/5/14,48542.31,-1.0,-1.0,-1.0,-1.0,-1.0,0,1,50143.715,46278.4737815153,56597.76007916178
4,4,2010/5/21,54926.4,-1.0,-1.0,-1.0,-1.0,-1.0,0,1,54036.598,50171.3565940153,60490.64289166178
4,4,2010/5/28,50608.77,-1.0,-1.0,-1.0,-1.0,-1.0,0,1,51410.414,47545.1730002653,57864.45929791178
4,4,2010/6/4,55355.78,-1.0,-1.0,-1.0,-1.0,-1.0,0,1,54907.96,51042.7198752653,61362.00617291178
4,4,2010/6/11,49069.9,-1.0,-1.0,-1.0,-1.0,-1.0,0,1,50750.527,46885.2862815153,57204.57257916178
4,4,2010/6/18,49646.84,-1.0,-1.0,-1.0,-1.0,-1.0,0,1,51257.65,47392.4073752653,57711.69367291178
4,4,2010/6/25,48668.13,-1.0,-1.0,-1.0,-1.0,-1.0,0,1,50246.594,46381.3526877653,56700.63898541178
4,4,2010/7/2,56869.52,-1.0,-1.0,-1.0,-1.0,-1.0,0,1,56091.195,52225.9542502653,62545.24054791178
4,4,2010/7/9,54750.48,-1.0,-1.0,-1.0,-1.0,-1.0,0,1,53553.902,49688.6612815153,60007.94757916178
4,4,2010/7/16,53436.74,-1.0,-1.0,-1.0,-1.0,-1.0,0,1,53179.17,49313.9308127653,59633.21711041178
4,4,2010/7/23,50912.21,-1.0,-1.0,-1.0,-1.0,-1.0,0,1,51221.437,47356.1964377653,57675.48273541178
4,4,2010/7/30,52243.98,-1.0,-1.0,-1.0,-1.0,-1.0,0,1,51827.85,47962.6105002653,58281.89679791178
4,4,2010/8/6,56299.32,-1.0,-1.0,-1.0,-1.0,-1.0,0,1,55922.656,52057.4151877653,62376.70148541178
4,4,2010/8/13,56967.92,-1.0,-1.0,-1.0,-1.0,-1.0,0,1,55555.555,51690.3136252653,62009.59992291178
4,4,2010/8/20,57022.55,-1.0,-1.0,-1.0,-1.0,-1.0,0,1,56537.28,52672.0401877653,62991.32648541178
4,4,2010/8/27,52712.01,-1.0,-1.0,-1.0,-1.0,-1.0,0,1,53035.836,49170.5948752653,59489.88117291178
4,4,2010/9/3,59177.53,-1.0,-1.0,-1.0,-1.0,-1.0,0,1,58000.187,54134.9464377653,64454.23273541178
4,4,2010/9/10,54140.32,-1.0,-1.0,-1.0,-1.0,-1.0,1,5,53828.445,49963.2042502653,60282.49054791178
4,4,2010/9/17,54102.43,-1.0,-1.0,-1.0,-1.0,-1.0,0,1,53817.375,49952.1339377653,60271.42023541178
4,4,2010/9/24,52942.57,-1.0,-1.0,-1.0,-1.0,-1.0,0,1,53528.703,49663.4620627653,59982.74836041178
4,4,2010/10/1,54800.74,-1.0,-1.0,-1.0,-1.0,-1.0,0,1,55908.785,52043.5440940153,62362.83039166178
4,4,2010/10/8,53891.67,-1.0,-1.0,-1.0,-1.0,-1.0,0,1,54687.54,50822.2980002653,61141.58429791178
4,4,2010/10/15,50525.31,-1.0,-1.0,-1.0,-1.0,-1.0,0,1,52218.6,48353.3605002653,58672.64679791178
4,4,2010/10/22,54253.23,-1.0,-1.0,-1.0,-1.0,-1.0,0,1,54386.242,50521.0011252653,60840.28742291178
4,4,2010/10/29,51854.74,-1.0,-1.0,-1.0,-1.0,-1.0,0,1,52498.656,48633.4151877653,58952.70148541178
4,4,2010/11/5,56510.88,-1.0,-1.0,-1.0,-1.0,-1.0,0,1,57375.6,53510.3605002653,63829.64679791178
4,4,2010/11/12,53983.21,-1.0,-1.0,-1.0,-1.0,-1.0,0,1,54516.17,50650.9308127653,60970.21711041178
4,4,2010/11/19,60787.72,-1.0,-1.0,-1.0,-1.0,-1.0,0,1,60719.586,56854.3448752653,67173.63117291179
4,4,2010/11/26,67374.29,-1.0,-1.0,-1.0,-1.0,-1.0,1,5,65884.984,62019.7433127653,72339.02961041179
4,4,2010/12/3,54740.6,-1.0,-1.0,-1.0,-1.0,-1.0,0,1,54960.65,51095.4073752653,61414.69367291178
4,4,2010/12/10,55596.4,-1.0,-1.0,-1.0,-1.0,-1.0,0,1,56221.79,52356.5480002653,62675.83429791178
4,4,2010/12/17,59042.38,-1.0,-1.0,-1.0,-1.0,-1.0,0,1,58657.336,54792.0948752653,65111.38117291178
4,4,2010/12/24,68696.66,-1.0,-1.0,-1.0,-1.0,-1.0,0,1,67675.08,63809.8370627653,74129.12336041179
4,4,2010/12/31,53679.23,-1.0,-1.0,-1.0,-1.0,-1.0,1,5,53868.11,50002.8683127653,60322.15461041178
4,4,2011/1/7,56671.32,-1.0,-1.0,-1.0,-1.0,-1.0,0,1,56588.92,52723.6808127653,63042.96711041178
4,4,2011/1/14,54969.55,-1.0,-1.0,-1.0,-1.0,-1.0,0,1,54614.562,50749.3214377653,61068.60773541178
4,4,2011/1/21,55157.31,-1.0,-1.0,-1.0,-1.0,-1.0,0,1,54986.344,51121.1026877653,61440.38898541178
4,4,2011/1/28,51712.45,-1.0,-1.0,-1.0,-1.0,-1.0,0,1,52403.04,48537.7980002653,58857.08429791178
4,4,2011/2/4,56454.32,-1.0,-1.0,-1.0,-1.0,-1.0,0,1,56618.92,52753.6808127653,63072.96711041178
4,4,2011/2/11,55747.3,-1.0,-1.0,-1.0,-1.0,-1.0,1,5,56036.797,52171.5558127653,62490.84211041178
4,4,2011/2/18,55175.48,-1.0,-1.0,-1.0,-1.0,-1.0,0,1,55382.137,51516.8956565153,61836.18195416178
4,4,2011/2/25,54743.92,-1.0,-1.0,-1.0,-1.0,-1.0,0,1,55201.23,51335.9894065153,61655.27570416178
4,4,2011/3/4,57093.74,-1.0,-1.0,-1.0,-1.0,-1.0,0,1,57298.434,53433.1925315153,63752.47882916178
4,4,2011/3/11,53029.03,-1.0,-1.0,-1.0,-1.0,-1.0,0,1,53751.35,49886.1105002653,60205.39679791178
4,4,2011/3/18,53451.38,-1.0,-1.0,-1.0,-1.0,-1.0,0,1,53626.734,49761.4933127653,60080.77961041178
4,4,2011/3/25,51338.37,-1.0,-1.0,-1.0,-1.0,-1.0,0,1,52511.69,48646.4503440153,58965.73664166178
4,4,2011/4/1,51382.98,-1.0,-1.0,-1.0,-1.0,-1.0,0,1,53675.164,49809.9230002653,60129.20929791178
4,4,2011/4/8,54500.33,-1.0,-1.0,-1.0,-1.0,-1.0,0,1,54254.02,50388.7784690153,60708.06476666178
4,4,2011/4/15,51184.02,-1.0,-1.0,-1.0,-1.0,-1.0,0,1,52047.133,48181.8917502653,58501.17804791178
4,4,2011/4/22,55018.98,-1.0,-1.0,-1.0,-1.0,-1.0,0,1,54445.05,50579.8097190153,60899.09601666178
4,4,2011/4/29,50045.96,-1.0,-1.0,-1.0,-1.0,-1.0,0,1,50958.316,47093.0753440153,57412.36164166178
4,4,2011/5/6,59039.42,-1.0,-1.0,-1.0,-1.0,-1.0,0,1,57843.164,53977.9230002653,64297.20929791178
4,4,2011/5/13,51468.7,-1.0,-1.0,-1.0,-1.0,-1.0,0,1,52177.8,48312.5597190153,58631.84601666178
4,4,2011/5/20,58171.41,-1.0,-1.0,-1.0,-1.0,-1.0,0,1,57222.547,53357.3058127653,63676.59211041178
4,4,2011/5/27,52931.36,-1.0,-1.0,-1.0,-1.0,-1.0,0,1,53647.023,49781.7823752653,60101.06867291178
4,4,2011/6/3,57563.3,-1.0,-1.0,-1.0,-1.0,-1.0,0,1,57125.152,53259.9112815153,63579.19757916178
4,4,2011/6/10,54395.37,-1.0,-1.0,-1.0,-1.0,-1.0,0,1,54352.766,50487.5245627653,60806.81086041178
4,4,2011/6/17,54818.18,-1.0,-1.0,-1.0,-1.0,-1.0,0,1,54733.24,50867.9972190153,61187.28351666178
4,4,2011/6/24,52377.67,-1.0,-1.0,-1.0,-1.0,-1.0,0,1,53377.29,49512.0480002653,59831.33429791178
4,4,2011/7/1,57906.09,-1.0,-1.0,-1.0,-1.0,-1.0,0,1,57604.61,53739.3683127653,64058.65461041178
4,4,2011/7/8,54777.21,-1.0,-1.0,-1.0,-1.0,-1.0,0,1,55033.055,51167.8136252653,61487.09992291178
4,4,2011/7/15,53134.96,-1.0,-1.0,-1.0,-1.0,-1.0,0,1,53603.78,49738.5401877653,60057.82648541178
4,4,2011/7/22,54790.01,-1.0,-1.0,-1.0,-1.0,-1.0,0,1,54771.79,50906.5480002653,61225.83429791178
4,4,2011/7/29,53113.87,-1.0,-1.0,-1.0,-1.0,-1.0,0,1,52732.65,48867.4073752653,59186.69367291178
4,4,2011/8/5,61683.39,-1.0,-1.0,-1.0,-1.0,-1.0,0,1,61470.805,57605.5636252653,67924.84992291179
4,4,2011/8/12,56617.69,-1.0,-1.0,-1.0,-1.0,-1.0,0,1,57262.527,53397.2862815153,63716.57257916178
4,4,2011/8/19,63239.08,-1.0,-1.0,-1.0,-1.0,-1.0,0,1,62308.266,58443.0245627653,68762.31086041179
4,4,2011/8/26,55027.47,-1.0,-1.0,-1.0,-1.0,-1.0,0,1,55409.5,51544.2589377653,61863.54523541178
4,4,2011/9/2,58127.38,-1.0,-1.0,-1.0,-1.0,-1.0,0,1,59034.246,55169.0050315153,65488.29132916178
4,4,2011/9/9,57708.24,-1.0,-1.0,-1.0,-1.0,-1.0,1,5,57551.33,53686.0870627653,64005.37336041178
4,4,2011/9/16,57221.26,-1.0,-1.0,-1.0,-1.0,-1.0,0,1,57193.133,53327.8917502653,63647.17804791178
4,4,2011/9/23,56423.47,-1.0,-1.0,-1.0,-1.0,-1.0,0,1,56471.336,52606.0948752653,62925.38117291178
4,4,2011/9/30,53790.29,-1.0,-1.0,-1.0,-1.0,-1.0,0,1,54531.504,50666.2628440153,60985.54914166178
4,4,2011/10/7,61589.77,-1.0,-1.0,-1.0,-1.0,-1.0,0,1,61211.164,57345.9230002653,67665.20929791179
4,4,2011/10/14,56211.57,-1.0,-1.0,-1.0,-1.0,-1.0,0,1,55368.22,51502.9776877653,61822.26398541178
4,4,2011/10/21,57379.59,-1.0,-1.0,-1.0,-1.0,-1.0,0,1,58055.133,54189.8917502653,64509.17804791178
4,4,2011/10/28,55849.32,-1.0,-1.0,-1.0,-1.0,-1.0,0,1,55702.812,51837.5714377653,62156.85773541178
4,4,2011/11/4,62987.23,-1.0,-1.0,-1.0,-1.0,-1.0,0,1,62964.727,59099.4855002653,69418.77179791179
4,4,2011/11/11,60106.04,12851.52,16658.47,430.13,5630.01,9213.39,0,1,59878.04,56012.7980002653,66332.08429791179
4,4,2011/11/18,62697.49,4539.94,840.56,372.9,613.96,5358.13,0,1,62576.125,58710.8839377653,69030.17023541179
4,4,2011/11/25,72179.92,561.45,137.88,83340.33,44.04,9239.23,1,5,71254.664,67389.4230002653,77708.70929791179
4,4,2011/12/2,55582.51,9762.39,160.94,2260.29,4767.86,28604.2,0,1,56938.97,53073.7276877653,63393.01398541178
4,4,2011/12/9,57074.29,5857.72,30.0,984.98,4692.5,13503.99,0,1,57447.117,53581.8761252653,63901.16242291178
4,4,2011/12/16,58822.75,2756.67,72.3,1790.15,777.65,10261.95,0,1,58783.68,54918.4386252653,65237.72492291178
4,4,2011/12/23,72048.55,2461.94,69.05,2938.24,52.0,4396.76,0,1,72697.54,68832.2980002653,79151.58429791179
4,4,2011/12/30,56145.68,3496.13,72413.71,399.77,776.26,5012.53,1,5,56463.316,52598.0753440153,62917.36164166178
4,4,2012/1/6,63913.83,7857.71,38677.72,234.0,863.22,8682.95,0,1,63407.117,59541.8761252653,69861.16242291179
4,4,2012/1/13,57283.05,3666.28,14553.37,76.37,820.37,5955.28,0,1,57740.625,53875.3839377653,64194.67023541178
4,4,2012/1/20,56040.88,2109.41,7040.02,44.16,918.36,1116.83,0,1,56735.17,52869.9308127653,63189.21711041178
4,4,2012/1/27,57041.93,1346.06,3740.12,46.16,445.47,2451.89,0,1,56437.344,52572.1026877653,62891.38898541178
4,4,2012/2/3,60366.8,50820.76,4033.29,285.11,48086.64,7456.15,0,1,60348.195,56482.9542502653,66802.24054791179
4,4,2012/2/10,60459.16,11374.63,7208.51,118.37,12869.78,10618.93,1,5,60707.05,56841.8097190153,67161.09601666179
4,4,2012/2/17,60409.08,14225.99,11049.65,17.36,11912.49,7565.99,0,1,60578.71,56713.4698752653,67032.75617291179
4,4,2012/2/24,60971.46,9777.71,4703.88,5.4,1179.72,9352.14,0,1,60729.81,56864.5675315153,67183.85382916179
4,4,2012/3/2,61829.76,18564.88,1394.86,32.93,10714.6,3592.82,0,1,62231.79,58366.5480002653,68685.83429791179
4,4,2012/3/9,59014.98,8779.57,602.02,8.53,1103.64,9464.98,0,1,59170.61,55305.3683127653,65624.65461041179
4,4,2012/3/16,58109.29,5669.21,37.12,-1.0,8540.87,2544.94,0,1,58083.12,54217.8800315153,64537.16632916178
4,4,2012/3/23,53921.9,8806.8,-10.5,5.99,739.14,4396.97,0,1,55582.836,51717.5948752653,62036.88117291178
4,4,2012/3/30,55633.17,2565.8,442.52,6.5,487.66,4076.68,0,1,55925.176,52059.9347190153,62379.22101666178
4,4,2012/4/6,64551.09,11341.17,-1.0,73.38,5677.89,7821.95,0,1,64263.477,60398.2355002653,70717.52179791179
4,4,2012/4/13,55376.94,12506.74,5941.43,30.84,3915.29,4392.95,0,1,56088.324,52223.0831565153,62542.36945416178
4,4,2012/4/20,60090.83,2774.39,4279.41,43.43,2409.97,4544.22,0,1,60155.914,56290.6730002653,66609.95929791179
4,4,2012/4/27,57200.35,3993.66,97.77,26.68,113.37,3947.45,0,1,56679.418,52814.1769065153,63133.46320416178
8,13,2010/2/5,28075.31,-1.0,-1.0,-1.0,-1.0,-1.0,0,1,43311.383,40968.77404470431,45159.955323785274
8,13,2010/2/12,24796.02,-1.0,-1.0,-1.0,-1.0,-1.0,1,5,40642.984,38300.37560720431,42491.556886285274
8,13,2010/2/19,26096.85,-1.0,-1.0,-1.0,-1.0,-1.0,0,1,40473.965,38131.35607595431,42322.537355035274
8,13,2010/2/26,26008.25,-1.0,-1.0,-1.0,-1.0,-1.0,0,1,40213.37,37870.76232595431,42061.943605035274
8,13,2010/3/5,25287.83,-1.0,-1.0,-1.0,-1.0,-1.0,0,1,41961.83,39619.21935720431,43810.400636285274
8,13,2010/3/12,24418.38,-1.0,-1.0,-1.0,-1.0,-1.0,0,1,39294.125,36951.51623220431,41142.697511285274
8,13,2010/3/19,24938.74,-1.0,-1.0,-1.0,-1.0,-1.0,0,1,25570.275,23227.666622829307,27418.847901910274
8,13,2010/3/26,21807.92,-1.0,-1.0,-1.0,-1.0,-1.0,0,1,23699.959,21357.350216579307,25548.531495660274
8,13,2010/4/2,25424.72,-1.0,-1.0,-1.0,-1.0,-1.0,0,1,25699.125,23356.516232204307,27547.697511285274
8,13,2010/4/9,24755.59,-1.0,-1.0,-1.0,-1.0,-1.0,0,1,25103.59,22760.981075954307,26952.162355035274
8,13,2010/4/16,27532.16,-1.0,-1.0,-1.0,-1.0,-1.0,0,1,25455.75,23113.141232204307,27304.322511285274
8,13,2010/4/23,25460.28,-1.0,-1.0,-1.0,-1.0,-1.0,0,1,25201.465,22858.856075954307,27050.037355035274
8,13,2010/4/30,24868.48,-1.0,-1.0,-1.0,-1.0,-1.0,0,1,24950.07,22607.461544704307,26798.642823785274
8,13,2010/5/7,25136.39,-1.0,-1.0,-1.0,-1.0,-1.0,0,1,25626.152,23283.543575954307,27474.724855035274
8,13,2010/5/14,22342.74,-1.0,-1.0,-1.0,-1.0,-1.0,0,1,22794.32,20451.711544704307,24642.892823785274
8,13,2010/5/21,24681.43,-1.0,-1.0,-1.0,-1.0,-1.0,0,1,24637.254,22294.645138454307,26485.826417535274
8,13,2010/5/28,25022.97,-1.0,-1.0,-1.0,-1.0,-1.0,0,1,24747.459,22404.850216579307,26596.031495660274
8,13,2010/6/4,27346.5,-1.0,-1.0,-1.0,-1.0,-1.0,0,1,26543.383,24200.774044704307,28391.955323785274
8,13,2010/6/11,24658.16,-1.0,-1.0,-1.0,-1.0,-1.0,0,1,24781.254,22438.645138454307,26629.826417535274
8,13,2010/6/18,24240.93,-1.0,-1.0,-1.0,-1.0,-1.0,0,1,24615.51,22272.900997829307,26464.082276910274
8,13,2010/6/25,22807.43,-1.0,-1.0,-1.0,-1.0,-1.0,0,1,24148.812,21806.203732204307,25997.385011285274
8,13,2010/7/2,24645.07,-1.0,-1.0,-1.0,-1.0,-1.0,0,1,25670.93,23328.320919704307,27519.502198785274
8,13,2010/7/9,26593.86,-1.0,-1.0,-1.0,-1.0,-1.0,0,1,26030.223,23687.613888454307,27878.795167535274
8,13,2010/7/16,25551.32,-1.0,-1.0,-1.0,-1.0,-1.0,0,1,25564.375,23221.766232204307,27412.947511285274
8,13,2010/7/23,23975.34,-1.0,-1.0,-1.0,-1.0,-1.0,0,1,24680.924,22338.315060329307,26529.496339410274
8,13,2010/7/30,25225.56,-1.0,-1.0,-1.0,-1.0,-1.0,0,1,25172.781,22830.172482204307,27021.353761285274
8,13,2010/8/6,26253.01,-1.0,-1.0,-1.0,-1.0,-1.0,0,1,26210.441,23867.832638454307,28059.013917535274
8,13,2010/8/13,25970.86,-1.0,-1.0,-1.0,-1.0,-1.0,0,1,25057.447,22714.838497829307,26906.019776910274
8,13,2010/8/20,25765.33,-1.0,-1.0,-1.0,-1.0,-1.0,0,1,25773.71,23431.102169704307,27622.283448785274
8,13,2010/8/27,27195.08,-1.0,-1.0,-1.0,-1.0,-1.0,0,1,26215.256,23872.647091579307,28063.828370660274
8,13,2010/9/3,27843.55,-1.0,-1.0,-1.0,-1.0,-1.0,0,1,27083.012,24740.402950954307,28931.584230035274
8,13,2010/9/10,26011.94,-1.0,-1.0,-1.0,-1.0,-1.0,1,5,26152.598,23809.988888454307,28001.170167535274
8,13,2010/9/17,25020.86,-1.0,-1.0,-1.0,-1.0,-1.0,0,1,25377.078,23034.469357204307,27225.650636285274
8,13,2010/9/24,24692.78,-1.0,-1.0,-1.0,-1.0,-1.0,0,1,25081.494,22738.885372829307,26930.066651910274
8,13,2010/10/1,26683.29,-1.0,-1.0,-1.0,-1.0,-1.0,0,1,26585.91,24243.301388454307,28434.482667535274
8,13,2010/10/8,27711.88,-1.0,-1.0,-1.0,-1.0,-1.0,0,1,27262.549,24919.940060329307,29111.121339410274
8,13,2010/10/15,25246.96,-1.0,-1.0,-1.0,-1.0,-1.0,0,1,25597.328,23254.719357204307,27445.900636285274
8,13,2010/10/22,26865.95,-1.0,-1.0,-1.0,-1.0,-1.0,0,1,26115.566,23772.957638454307,27964.138917535274
8,13,2010/10/29,25564.47,-1.0,-1.0,-1.0,-1.0,-1.0,0,1,25342.057,22999.447872829307,27190.629151910274
8,13,2010/11/5,28470.41,-1.0,-1.0,-1.0,-1.0,-1.0,0,1,27391.363,25048.754513454307,29239.935792535274
8,13,2010/11/12,25281.75,-1.0,-1.0,-1.0,-1.0,-1.0,0,1,25314.633,22972.024044704307,27163.205323785274
8,13,2010/11/19,23922.99,-1.0,-1.0,-1.0,-1.0,-1.0,0,1,24887.059,22544.449825954307,26735.631105035274
8,13,2010/11/26,26052.64,-1.0,-1.0,-1.0,-1.0,-1.0,1,5,25678.67,23336.061154079307,27527.242433160274
8,13,2010/12/3,24083.01,-1.0,-1.0,-1.0,-1.0,-1.0,0,1,25021.264,22678.654904079307,26869.836183160274
8,13,2010/12/10,24660.46,-1.0,-1.0,-1.0,-1.0,-1.0,0,1,24516.223,22173.613888454307,26364.795167535274
8,13,2010/12/17,23892.03,-1.0,-1.0,-1.0,-1.0,-1.0,0,1,24277.336,21934.727169704307,26125.908448785274
8,13,2010/12/24,24128.98,-1.0,-1.0,-1.0,-1.0,-1.0,0,1,24774.97,22432.361935329307,26623.543214410274
8,13,2010/12/31,22785.05,-1.0,-1.0,-1.0,-1.0,-1.0,1,5,22771.51,20428.900997829307,24620.082276910274
8,13,2011/1/7,27449.02,-1.0,-1.0,-1.0,-1.0,-1.0,0,1,26865.441,24522.832638454307,28714.013917535274
8,13,2011/1/14,24289.0,-1.0,-1.0,-1.0,-1.0,-1.0,0,1,24622.344,22279.734982204307,26470.916261285274
8,13,2011/1/21,25904.25,-1.0,-1.0,-1.0,-1.0,-1.0,0,1,25472.758,23130.149044704307,27321.330323785274
8,13,2011/1/28,23584.34,-1.0,-1.0,-1.0,-1.0,-1.0,0,1,24064.246,21721.637325954307,25912.818605035274
8,13,2011/2/4,24577.06,-1.0,-1.0,-1.0,-1.0,-1.0,0,1,25111.39,22768.781857204307,26959.963136285274
8,13,2011/2/11,24772.37,-1.0,-1.0,-1.0,-1.0,-1.0,1,5,24711.947,22369.338497829307,26560.519776910274
8,13,2011/2/18,27915.88,-1.0,-1.0,-1.0,-1.0,-1.0,0,1,26795.277,24452.668575954307,28643.849855035274
8,13,2011/2/25,28158.19,-1.0,-1.0,-1.0,-1.0,-1.0,0,1,26922.732,24580.123654079307,28771.304933160274
8,13,2011/3/4,28053.73,-1.0,-1.0,-1.0,-1.0,-1.0,0,1,27186.023,24843.414669704307,29034.595948785274
8,13,2011/3/11,26416.72,-1.0,-1.0,-1.0,-1.0,-1.0,0,1,25720.715,23378.106075954307,27569.287355035274
8,13,2011/3/18,25385.04,-1.0,-1.0,-1.0,-1.0,-1.0,0,1,25423.86,23081.250607204307,27272.431886285274
8,13,2011/3/25,23383.4,-1.0,-1.0,-1.0,-1.0,-1.0,0,1,24074.937,21732.328732204307,25923.510011285274
8,13,2011/4/1,24494.91,-1.0,-1.0,-1.0,-1.0,-1.0,0,1,24858.148,22515.539669704307,26706.720948785274
8,13,2011/4/8,26225.16,-1.0,-1.0,-1.0,-1.0,-1.0,0,1,26114.99,23772.381466579307,27963.562745660274
8,13,2011/4/15,24775.38,-1.0,-1.0,-1.0,-1.0,-1.0,0,1,24806.4,22463.791622829307,26654.972901910274
8,13,2011/4/22,25271.02,-1.0,-1.0,-1.0,-1.0,-1.0,0,1,25345.668,23003.059200954307,27194.240480035274
8,13,2011/4/29,23412.92,-1.0,-1.0,-1.0,-1.0,-1.0,0,1,23852.887,21510.277950954307,25701.459230035274
8,13,2011/5/6,26234.43,-1.0,-1.0,-1.0,-1.0,-1.0,0,1,26085.918,23743.309200954307,27934.490480035274
8,13,2011/5/13,22980.91,-1.0,-1.0,-1.0,-1.0,-1.0,0,1,23201.477,20858.867794704307,25050.049073785274
8,13,2011/5/20,26005.44,-1.0,-1.0,-1.0,-1.0,-1.0,0,1,25092.887,22750.277950954307,26941.459230035274
8,13,2011/5/27,24037.02,-1.0,-1.0,-1.0,-1.0,-1.0,0,1,24554.223,22211.613888454307,26402.795167535274
8,13,2011/6/3,25768.51,-1.0,-1.0,-1.0,-1.0,-1.0,0,1,25981.334,23638.725216579307,27829.906495660274
8,13,2011/6/10,24849.79,-1.0,-1.0,-1.0,-1.0,-1.0,0,1,24587.771,22245.162716579307,26436.343995660274
8,13,2011/6/17,23728.84,-1.0,-1.0,-1.0,-1.0,-1.0,0,1,23859.879,21517.270138454307,25708.451417535274
8,13,2011/6/24,23791.44,-1.0,-1.0,-1.0,-1.0,-1.0,0,1,23973.66,21631.051388454307,25822.232667535274
8,13,2011/7/1,24915.04,-1.0,-1.0,-1.0,-1.0,-1.0,0,1,24847.234,22504.625607204307,26695.806886285274
8,13,2011/7/8,23993.59,-1.0,-1.0,-1.0,-1.0,-1.0,0,1,24795.871,22453.262325954307,26644.443605035274
8,13,2011/7/15,22825.12,-1.0,-1.0,-1.0,-1.0,-1.0,0,1,24036.18,21693.570919704307,25884.752198785274
8,13,2011/7/22,24957.14,-1.0,-1.0,-1.0,-1.0,-1.0,0,1,24866.254,22523.645138454307,26714.826417535274
8,13,2011/7/29,24665.22,-1.0,-1.0,-1.0,-1.0,-1.0,0,1,24223.148,21880.539669704307,26071.720948785274
8,13,2011/8/5,26432.34,-1.0,-1.0,-1.0,-1.0,-1.0,0,1,26168.144,23825.535763454307,28016.717042535274
8,13,2011/8/12,23823.16,-1.0,-1.0,-1.0,-1.0,-1.0,0,1,23560.656,21218.047482204307,25409.228761285274
8,13,2011/8/19,25821.13,-1.0,-1.0,-1.0,-1.0,-1.0,0,1,25591.87,23249.260372829307,27440.441651910274
8,13,2011/8/26,26818.89,-1.0,-1.0,-1.0,-1.0,-1.0,0,1,25522.473,23179.863888454307,27371.045167535274
8,13,2011/9/2,26449.25,-1.0,-1.0,-1.0,-1.0,-1.0,0,1,26233.687,23891.078732204307,28082.260011285274
8,13,2011/9/9,24965.36,-1.0,-1.0,-1.0,-1.0,-1.0,1,5,25094.277,22751.668575954307,26942.849855035274
8,13,2011/9/16,24270.32,-1.0,-1.0,-1.0,-1.0,-1.0,0,1,24964.969,22622.359982204307,26813.541261285274
8,13,2011/9/23,25918.94,-1.0,-1.0,-1.0,-1.0,-1.0,0,1,25164.875,22822.266232204307,27013.447511285274
8,13,2011/9/30,23783.84,-1.0,-1.0,-1.0,-1.0,-1.0,0,1,23785.535,21442.926388454307,25634.107667535274
8,13,2011/10/7,28217.45,-1.0,-1.0,-1.0,-1.0,-1.0,0,1,27457.062,25114.453732204307,29305.635011285274
8,13,2011/10/14,24816.34,-1.0,-1.0,-1.0,-1.0,-1.0,0,1,24731.451,22388.842404079307,26580.023683160274
8,13,2011/10/21,26357.27,-1.0,-1.0,-1.0,-1.0,-1.0,0,1,25492.703,23150.094357204307,27341.275636285274
8,13,2011/10/28,24522.33,-1.0,-1.0,-1.0,-1.0,-1.0,0,1,24945.57,22602.961544704307,26794.142823785274
8,13,2011/11/4,26982.0,-1.0,-1.0,-1.0,-1.0,-1.0,0,1,26768.629,24426.020138454307,28617.201417535274
8,13,2011/11/11,24624.63,4971.01,4538.18,541.05,1407.72,3846.73,0,1,25116.332,22773.723263454307,26964.904542535274
8,13,2011/11/18,24308.73,6839.45,114.32,166.32,868.79,4442.66,0,1,24549.883,22207.274044704307,26398.455323785274
8,13,2011/11/25,23856.03,437.61,320.76,45968.51,110.41,992.9,1,5,24784.344,22441.734982204307,26632.916261285274
8,13,2011/12/2,24209.62,2222.42,286.0,1464.46,1192.79,13865.57,0,1,24337.102,21994.492794704307,26185.674073785274
8,13,2011/12/9,22460.28,4425.92,36.0,346.05,1791.15,9889.35,0,1,23232.42,20889.811154079307,25080.992433160274
8,13,2011/12/16,22309.34,739.45,34.0,326.76,169.2,2238.66,0,1,22606.236,20263.627560329307,24454.808839410274
8,13,2011/12/23,25399.05,1234.0,0.3,891.94,14.0,5884.24,0,1,25414.914,23072.305294704307,27263.486573785274
8,13,2011/12/30,20190.54,3701.08,36381.83,164.34,178.4,1508.56,1,5,20799.992,18457.383419704307,22648.564698785274
8,13,2012/1/6,26344.46,3093.39,26001.46,96.35,500.91,4468.63,0,1,26001.094,23658.484982204307,27849.666261285274
8,13,2012/1/13,23635.84,6725.29,12764.99,15.98,299.73,3851.69,0,1,23635.238,21292.629513454307,25483.810792535274
8,13,2012/1/20,24109.0,1643.08,1055.47,9.02,411.88,3161.92,0,1,24705.73,22363.121700954307,26554.302980035274
8,13,2012/1/27,24338.44,6065.01,730.16,15.18,30.28,24241.12,0,1,24262.246,21919.637325954307,26110.818605035274
8,13,2012/2/3,26011.22,41524.03,1412.41,83.15,18723.56,3886.31,0,1,25782.85,23440.240841579307,27631.422120660274
8,13,2012/2/10,25251.55,9332.6,3298.88,32.12,6530.08,4858.74,1,5,25443.285,23100.676388454307,27291.857667535274
8,13,2012/2/17,25180.31,4376.58,10723.12,10.5,1546.82,4117.02,0,1,25545.984,23203.375607204307,27394.556886285274
8,13,2012/2/24,25853.28,9712.39,4960.15,1.0,2441.26,5314.33,0,1,25923.494,23580.885372829307,27772.066651910274
8,13,2012/3/2,27310.03,19521.45,1000.19,0.6,5819.37,3641.54,0,1,27345.746,25003.137325954307,29194.318605035274
8,13,2012/3/9,25729.53,7740.12,269.44,2.0,509.65,4678.17,0,1,25604.543,23261.934200954307,27453.115480035274
8,13,2012/3/16,25523.98,4879.04,501.9,6.14,1078.01,1288.81,0,1,24995.92,22653.311154079307,26844.492433160274
8,13,2012/3/23,24955.02,6155.76,499.11,2.04,403.32,2748.36,0,1,25015.129,22672.520138454307,26863.701417535274
8,13,2012/3/30,23980.62,6052.68,121.67,-1.0,375.27,1715.7,0,1,23873.068,21530.459591579307,25721.640870660274
8,13,2012/4/6,26456.45,6821.13,-1.0,27.04,2101.86,3627.77,0,1,26611.277,24268.668575954307,28459.849855035274
8,13,2012/4/13,23482.18,7627.83,4689.55,4.2,940.82,1723.28,0,1,24244.1,21901.490841579307,26092.672120660274
8,13,2012/4/20,24567.96,3600.79,2105.64,4.9,1768.65,14945.23,0,1,24764.52,22421.910763454307,26613.092042535274
8,13,2012/4/27,24413.89,5440.25,1.5,2.2,15.6,3302.44,0,1,24329.36,21986.750607204307,26177.931886285274
1,13,2010/2/5,41969.29,-1.0,-1.0,-1.0,-1.0,-1.0,0,1,43311.383,40880.31490625,47131.5669453125
1,13,2010/2/12,36476.4,-1.0,-1.0,-1.0,-1.0,-1.0,1,5,40642.984,38211.91646875,44463.1685078125
1,13,2010/2/19,37857.68,-1.0,-1.0,-1.0,-1.0,-1.0,0,1,40473.965,38042.8969375,44294.1489765625
1,13,2010/2/26,37467.32,-1.0,-1.0,-1.0,-1.0,-1.0,0,1,40213.37,37782.3031875,44033.5552265625
1,13,2010/3/5,40423.95,-1.0,-1.0,-1.0,-1.0,-1.0,0,1,41961.83,39530.76021875,45782.0122578125
1,13,2010/3/12,35833.07,-1.0,-1.0,-1.0,-1.0,-1.0,0,1,39294.125,36863.05709375,43114.3091328125
1,13,2010/3/19,36807.21,-1.0,-1.0,-1.0,-1.0,-1.0,0,1,36703.72,34272.65084375,40523.9028828125
1,13,2010/3/26,35431.73,-1.0,-1.0,-1.0,-1.0,-1.0,0,1,35078.25,32647.182093749998,38898.4341328125
1,13,2010/4/2,38104.53,-1.0,-1.0,-1.0,-1.0,-1.0,0,1,38271.16,35840.09225,42091.3442890625
1,13,2010/4/9,37638.44,-1.0,-1.0,-1.0,-1.0,-1.0,0,1,37581.445,35150.37740625,41401.6294453125
1,13,2010/4/16,36663.26,-1.0,-1.0,-1.0,-1.0,-1.0,0,1,36651.832,34220.764125,40472.0161640625
1,13,2010/4/23,36058.1,-1.0,-1.0,-1.0,-1.0,-1.0,0,1,35814.246,33383.1781875,39634.4302265625
1,13,2010/4/30,36717.2,-1.0,-1.0,-1.0,-1.0,-1.0,0,1,35521.12,33090.0531875,39341.3052265625
1,13,2010/5/7,40113.4,-1.0,-1.0,-1.0,-1.0,-1.0,0,1,39136.03,36704.96334375,42956.2153828125
1,13,2010/5/14,36499.93,-1.0,-1.0,-1.0,-1.0,-1.0,0,1,36100.87,33669.8031875,39921.0552265625
1,13,2010/5/21,38569.83,-1.0,-1.0,-1.0,-1.0,-1.0,0,1,37554.266,35123.19771875,41374.4497578125
1,13,2010/5/28,38347.52,-1.0,-1.0,-1.0,-1.0,-1.0,0,1,36861.914,34430.84615625,40682.0981953125
1,13,2010/6/4,41388.81,-1.0,-1.0,-1.0,-1.0,-1.0,0,1,40037.434,37606.3656875,43857.6177265625
1,13,2010/6/11,39657.1,-1.0,-1.0,-1.0,-1.0,-1.0,0,1,37998.953,35567.88521875,41819.1372578125
1,13,2010/6/18,39165.29,-1.0,-1.0,-1.0,-1.0,-1.0,0,1,38644.363,36213.295375,42464.5474140625
1,13,2010/6/25,38697.24,-1.0,-1.0,-1.0,-1.0,-1.0,0,1,37468.945,35037.87740625,41289.1294453125
1,13,2010/7/2,41214.94,-1.0,-1.0,-1.0,-1.0,-1.0,0,1,40626.918,38195.8500625,44447.1021015625
1,13,2010/7/9,41056.4,-1.0,-1.0,-1.0,-1.0,-1.0,0,1,39759.676,37328.607875,43579.8599140625
1,13,2010/7/16,40150.0,-1.0,-1.0,-1.0,-1.0,-1.0,0,1,39269.703,36838.63521875,43089.8872578125
1,13,2010/7/23,40552.37,-1.0,-1.0,-1.0,-1.0,-1.0,0,1,39448.734,37017.66646875,43268.9185078125
1,13,2010/7/30,38018.99,-1.0,-1.0,-1.0,-1.0,-1.0,0,1,38041.754,35610.686,41861.9380390625
1,13,2010/8/6,42038.03,-1.0,-1.0,-1.0,-1.0,-1.0,0,1,41878.805,39447.73678125,45698.9888203125
1,13,2010/8/13,37869.12,-1.0,-1.0,-1.0,-1.0,-1.0,0,1,38385.59,35954.5219375,42205.7739765625
1,13,2010/8/20,41509.62,-1.0,-1.0,-1.0,-1.0,-1.0,0,1,39815.035,37383.96725,43635.2192890625
1,13,2010/8/27,41175.86,-1.0,-1.0,-1.0,-1.0,-1.0,0,1,40196.863,37765.795375,44017.0474140625
1,13,2010/9/3,44863.15,-1.0,-1.0,-1.0,-1.0,-1.0,0,1,42687.82,40256.75240625,46508.0044453125
1,13,2010/9/10,39525.93,-1.0,-1.0,-1.0,-1.0,-1.0,1,5,39531.93,37100.86178125,43352.1138203125
1,13,2010/9/17,38416.22,-1.0,-1.0,-1.0,-1.0,-1.0,0,1,38574.812,36143.74459375,42394.9966328125
1,13,2010/9/24,37293.43,-1.0,-1.0,-1.0,-1.0,-1.0,0,1,37907.074,35476.0063125,41727.2583515625
1,13,2010/10/1,40474.22,-1.0,-1.0,-1.0,-1.0,-1.0,0,1,40585.566,38154.4985,44405.7505390625
1,13,2010/10/8,42139.25,-1.0,-1.0,-1.0,-1.0,-1.0,0,1,41565.41,39134.34225,45385.5942890625
1,13,2010/10/15,38749.62,-1.0,-1.0,-1.0,-1.0,-1.0,0,1,39053.383,36622.31490625,42873.5669453125
1,13,2010/10/22,34712.4,-1.0,-1.0,-1.0,-1.0,-1.0,0,1,37125.43,34694.36178125,40945.6138203125
1,13,2010/10/29,37762.12,-1.0,-1.0,-1.0,-1.0,-1.0,0,1,37697.894,35266.826625,41518.0786640625
1,13,2010/11/5,41085.66,-1.0,-1.0,-1.0,-1.0,-1.0,0,1,41584.992,39153.92428125,45405.1763203125
1,13,2010/11/12,36817.35,-1.0,-1.0,-1.0,-1.0,-1.0,0,1,37765.066,35333.9985,41585.2505390625
1,13,2010/11/19,38446.26,-1.0,-1.0,-1.0,-1.0,-1.0,0,1,38743.508,36312.43990625,42563.6919453125
1,13,2010/11/26,38371.99,-1.0,-1.0,-1.0,-1.0,-1.0,1,5,38811.87,36380.8031875,42632.0552265625
1,13,2010/12/3,36170.88,-1.0,-1.0,-1.0,-1.0,-1.0,0,1,37245.258,34814.18990625,41065.4419453125
1,13,2010/12/10,34749.11,-1.0,-1.0,-1.0,-1.0,-1.0,0,1,36079.29,33648.22115625,39899.4731953125
1,13,2010/12/17,35237.93,-1.0,-1.0,-1.0,-1.0,-1.0,0,1,35924.047,33492.97896875,39744.2310078125
1,13,2010/12/24,37099.47,-1.0,-1.0,-1.0,-1.0,-1.0,0,1,37453.266,35022.19771875,41273.4497578125
1,13,2010/12/31,34081.52,-1.0,-1.0,-1.0,-1.0,-1.0,1,5,34090.29,31659.221156249998,37910.4731953125
1,13,2011/1/7,39764.56,-1.0,-1.0,-1.0,-1.0,-1.0,0,1,39444.24,37013.170375,43264.4224140625
1,13,2011/1/14,33668.55,-1.0,-1.0,-1.0,-1.0,-1.0,0,1,34360.555,31929.486781249998,38180.7388203125
1,13,2011/1/21,35961.99,-1.0,-1.0,-1.0,-1.0,-1.0,0,1,36051.594,33620.52584375,39871.7778828125
1,13,2011/1/28,36321.69,-1.0,-1.0,-1.0,-1.0,-1.0,0,1,35927.637,33496.5688125,39747.8208515625
1,13,2011/2/4,38065.42,-1.0,-1.0,-1.0,-1.0,-1.0,0,1,38469.184,36038.1156875,42289.3677265625
1,13,2011/2/11,36883.13,-1.0,-1.0,-1.0,-1.0,-1.0,1,5,36922.53,34491.46334375,40742.7153828125
1,13,2011/2/18,37604.79,-1.0,-1.0,-1.0,-1.0,-1.0,0,1,37850.9,35419.83053125,41671.0825703125
1,13,2011/2/25,37838.4,-1.0,-1.0,-1.0,-1.0,-1.0,0,1,37597.633,35166.56490625,41417.8169453125
1,13,2011/3/4,42277.37,-1.0,-1.0,-1.0,-1.0,-1.0,0,1,41991.69,39560.6235,45811.8755390625
1,13,2011/3/11,37577.97,-1.0,-1.0,-1.0,-1.0,-1.0,0,1,36964.67,34533.60396875,40784.8560078125
1,13,2011/3/18,36930.48,-1.0,-1.0,-1.0,-1.0,-1.0,0,1,36841.71,34410.64303125,40661.8950703125
1,13,2011/3/25,36745.46,-1.0,-1.0,-1.0,-1.0,-1.0,0,1,35817.81,33386.7406875,39637.9927265625
1,13,2011/4/1,37630.13,-1.0,-1.0,-1.0,-1.0,-1.0,0,1,37869.184,35438.1156875,41689.3677265625
1,13,2011/4/8,38076.86,-1.0,-1.0,-1.0,-1.0,-1.0,0,1,39079.516,36648.44771875,42899.6997578125
1,13,2011/4/15,35263.45,-1.0,-1.0,-1.0,-1.0,-1.0,0,1,35558.19,33127.1235,39378.3755390625
1,13,2011/4/22,35464.71,-1.0,-1.0,-1.0,-1.0,-1.0,0,1,35771.094,33340.02584375,39591.2778828125
1,13,2011/4/29,34311.69,-1.0,-1.0,-1.0,-1.0,-1.0,0,1,34599.867,32168.799281249998,38420.0513203125
1,13,2011/5/6,40581.52,-1.0,-1.0,-1.0,-1.0,-1.0,0,1,40437.324,38006.2563125,44257.5083515625
1,13,2011/5/13,35378.71,-1.0,-1.0,-1.0,-1.0,-1.0,0,1,35338.418,32907.3500625,39158.6021015625
1,13,2011/5/20,35816.48,-1.0,-1.0,-1.0,-1.0,-1.0,0,1,36710.184,34279.1156875,40530.3677265625
1,13,2011/5/27,36203.13,-1.0,-1.0,-1.0,-1.0,-1.0,0,1,35859.38,33428.311,39679.5630390625
1,13,2011/6/3,39884.82,-1.0,-1.0,-1.0,-1.0,-1.0,0,1,39215.25,36784.18209375,43035.4341328125
1,13,2011/6/10,38080.39,-1.0,-1.0,-1.0,-1.0,-1.0,0,1,37457.2,35026.1313125,41277.3833515625
1,13,2011/6/17,39020.06,-1.0,-1.0,-1.0,-1.0,-1.0,0,1,37591.773,35160.70553125,41411.9575703125
1,13,2011/6/24,37316.12,-1.0,-1.0,-1.0,-1.0,-1.0,0,1,36636.785,34205.71725,40456.9692890625
1,13,2011/7/1,37414.14,-1.0,-1.0,-1.0,-1.0,-1.0,0,1,37629.305,35198.23678125,41449.4888203125
1,13,2011/7/8,38193.09,-1.0,-1.0,-1.0,-1.0,-1.0,0,1,37978.957,35547.889125,41799.1411640625
1,13,2011/7/15,36966.32,-1.0,-1.0,-1.0,-1.0,-1.0,0,1,36727.055,34295.98678125,40547.2388203125
1,13,2011/7/22,37990.15,-1.0,-1.0,-1.0,-1.0,-1.0,0,1,37831.953,35400.88521875,41652.1372578125
1,13,2011/7/29,34910.1,-1.0,-1.0,-1.0,-1.0,-1.0,0,1,35840.15,33409.08053125,39660.3325703125
1,13,2011/8/5,42542.66,-1.0,-1.0,-1.0,-1.0,-1.0,0,1,42426.62,39995.5531875,46246.8052265625
1,13,2011/8/12,37593.97,-1.0,-1.0,-1.0,-1.0,-1.0,0,1,37548.09,35117.0219375,41368.2739765625
1,13,2011/8/19,38533.7,-1.0,-1.0,-1.0,-1.0,-1.0,0,1,38629.746,36198.6781875,42449.9302265625
1,13,2011/8/26,38727.3,-1.0,-1.0,-1.0,-1.0,-1.0,0,1,37687.49,35256.420375,41507.6724140625
1,13,2011/9/2,42713.81,-1.0,-1.0,-1.0,-1.0,-1.0,0,1,42204.69,39773.6235,46024.8755390625
1,13,2011/9/9,38045.63,-1.0,-1.0,-1.0,-1.0,-1.0,1,5,37951.117,35520.04928125,41771.3013203125
1,13,2011/9/16,38382.65,-1.0,-1.0,-1.0,-1.0,-1.0,0,1,37571.906,35140.83834375,41392.0903828125
1,13,2011/9/23,37645.66,-1.0,-1.0,-1.0,-1.0,-1.0,0,1,37463.664,35032.59615625,41283.8481953125
1,13,2011/9/30,37928.28,-1.0,-1.0,-1.0,-1.0,-1.0,0,1,37713.527,35282.4594375,41533.7114765625
1,13,2011/10/7,41151.28,-1.0,-1.0,-1.0,-1.0,-1.0,0,1,41750.46,39319.39303125,45570.6450703125
1,13,2011/10/14,37531.43,-1.0,-1.0,-1.0,-1.0,-1.0,0,1,37556.332,35125.264125,41376.5161640625
1,13,2011/10/21,38272.21,-1.0,-1.0,-1.0,-1.0,-1.0,0,1,37192.805,34761.73678125,41012.9888203125
1,13,2011/10/28,37117.02,-1.0,-1.0,-1.0,-1.0,-1.0,0,1,37436.332,35005.264125,41256.5161640625
1,13,2011/11/4,41907.62,-1.0,-1.0,-1.0,-1.0,-1.0,0,1,41622.49,39191.420375,45442.6724140625
1,13,2011/11/11,37255.89,10382.9,6115.67,215.07,2406.62,6551.42,0,1,38533.824,36102.7563125,42354.0083515625
1,13,2011/11/18,37077.82,6074.12,254.39,51.98,427.39,5988.57,0,1,37705.457,35274.389125,41525.6411640625
1,13,2011/11/25,38625.48,410.31,98.0,55805.51,8.0,554.92,1,5,38450.93,36019.86178125,42271.1138203125
1,13,2011/12/2,37507.93,5629.51,68.0,1398.11,2084.64,20475.32,0,1,37727.95,35296.8813125,41548.1333515625
1,13,2011/12/9,36404.7,4640.65,19.0,105.02,3639.42,14461.82,0,1,36964.894,34533.826625,40785.0786640625
1,13,2011/12/16,32782.17,5011.32,67.0,347.37,225.79,4011.37,0,1,35190.105,32759.037562499998,39010.2896015625
1,13,2011/12/23,36950.91,2725.36,40.48,634.7,24.9,2739.43,0,1,37425.52,34994.451625,41245.7036640625
1,13,2011/12/30,32871.95,5762.1,46011.38,260.36,983.65,4735.78,1,5,32977.74,30546.670374999998,36797.9224140625
1,13,2012/1/6,41411.4,6277.39,21813.16,143.1,1450.13,8483.0,0,1,40491.93,38060.86178125,44312.1138203125
1,13,2012/1/13,38000.25,5183.29,8025.87,42.24,453.08,3719.38,0,1,37285.805,34854.73678125,41105.9888203125
1,13,2012/1/20,37433.66,4139.87,2807.19,33.88,500.62,3400.21,0,1,37026.164,34595.09615625,40846.3481953125
1,13,2012/1/27,34312.26,1164.46,1082.74,44.0,11.0,1222.19,0,1,34554.8,32123.732874999998,38374.9849140625
1,13,2012/2/3,43478.58,34577.06,3579.21,160.53,32403.87,5630.4,0,1,42382.656,39951.58834375,46202.8403828125
1,13,2012/2/10,43041.97,13925.06,6927.23,101.64,8471.88,6886.04,1,5,41318.105,38887.0375625,45138.2896015625
1,13,2012/2/17,38622.92,9873.33,11062.27,9.8,8409.31,3402.66,0,1,38303.96,35872.89303125,42124.1450703125
1,13,2012/2/24,40079.43,9349.61,7556.01,3.2,1219.92,8143.59,0,1,39521.04,37089.97115625,43341.2231953125
1,13,2012/3/2,44565.32,15441.4,1569.0,10.8,25390.88,8067.61,0,1,44311.07,41880.00240625,48131.2544453125
1,13,2012/3/9,40001.72,10331.04,151.88,6.0,671.43,5509.84,0,1,39174.723,36743.65475,42994.9067890625
1,13,2012/3/16,38322.83,4298.16,7.5,2.02,2724.65,2017.69,0,1,37801.887,35370.8188125,41622.0708515625
1,13,2012/3/23,37801.64,6118.56,9.48,4.97,426.72,3657.22,0,1,37929.07,35498.00240625,41749.2544453125
1,13,2012/3/30,38696.88,10309.58,0.5,10.25,1654.17,2642.78,0,1,38084.47,35653.40084375,41904.6528828125
1,13,2012/4/6,44270.3,10121.97,-1.0,77.98,3750.59,4510.72,0,1,43639.793,41208.7250625,47459.9771015625
1,13,2012/4/13,39099.61,6186.19,3288.69,17.07,1822.55,1063.78,0,1,37910.816,35479.7485,41731.0005390625
1,13,2012/4/20,39499.85,2230.8,612.02,19.75,275.13,5747.1,0,1,38813.086,36382.01803125,42633.2700703125
1,13,2012/4/27,39077.84,3221.25,-1.0,35.49,577.14,6222.25,0,1,38391.62,35960.5531875,42211.8052265625
13,8,2010/2/5,40372.38,-1.0,-1.0,-1.0,-1.0,-1.0,0,1,43311.383,41193.22884375,46022.0256640625
13,8,2010/2/12,37958.97,-1.0,-1.0,-1.0,-1.0,-1.0,1,5,40642.984,38524.83040625,43353.6272265625
13,8,2010/2/19,36753.34,-1.0,-1.0,-1.0,-1.0,-1.0,0,1,40473.965,38355.810875,43184.6076953125
13,8,2010/2/26,36803.99,-1.0,-1.0,-1.0,-1.0,-1.0,0,1,40213.37,38095.217125,42924.0139453125
13,8,2010/3/5,38669.87,-1.0,-1.0,-1.0,-1.0,-1.0,0,1,41961.83,39843.67415625,44672.4709765625
13,8,2010/3/12,36524.26,-1.0,-1.0,-1.0,-1.0,-1.0,0,1,39294.125,37175.97103125,42004.7678515625
13,8,2010/3/19,35677.4,-1.0,-1.0,-1.0,-1.0,-1.0,0,1,36624.008,34505.85384375,39334.6506640625
13,8,2010/3/26,35853.5,-1.0,-1.0,-1.0,-1.0,-1.0,0,1,35165.3,33047.1468125,37875.9436328125
13,8,2010/4/2,40820.32,-1.0,-1.0,-1.0,-1.0,-1.0,0,1,39278.977,37160.82259375,41989.6194140625
13,8,2010/4/9,36058.07,-1.0,-1.0,-1.0,-1.0,-1.0,0,1,36573.902,34455.748375,39284.5451953125
13,8,2010/4/16,34749.52,-1.0,-1.0,-1.0,-1.0,-1.0,0,1,35961.418,33843.264,38672.0608203125
13,8,2010/4/23,35002.52,-1.0,-1.0,-1.0,-1.0,-1.0,0,1,36057.79,33939.63509375,38768.4319140625
13,8,2010/4/30,35182.28,-1.0,-1.0,-1.0,-1.0,-1.0,0,1,35233.273,33115.11946875,37943.9162890625
13,8,2010/5/7,38033.08,-1.0,-1.0,-1.0,-1.0,-1.0,0,1,37805.746,35687.592125,40516.3889453125
13,8,2010/5/14,33487.64,-1.0,-1.0,-1.0,-1.0,-1.0,0,1,35332.875,33214.72103125,38043.5178515625
13,8,2010/5/21,34012.74,-1.0,-1.0,-1.0,-1.0,-1.0,0,1,35758.7,33640.54525,38469.3420703125
13,8,2010/5/28,35828.7,-1.0,-1.0,-1.0,-1.0,-1.0,0,1,35678.78,33560.62728125,38389.4241015625
13,8,2010/6/4,36633.87,-1.0,-1.0,-1.0,-1.0,-1.0,0,1,36910.125,34791.97103125,39620.7678515625
13,8,2010/6/11,36583.64,-1.0,-1.0,-1.0,-1.0,-1.0,0,1,36146.894,34028.7405625,38857.5373828125
13,8,2010/6/18,36488.79,-1.0,-1.0,-1.0,-1.0,-1.0,0,1,36977.31,34859.154625,39687.9514453125
13,8,2010/6/25,33928.47,-1.0,-1.0,-1.0,-1.0,-1.0,0,1,34651.113,32532.959312500003,37361.7561328125
13,8,2010/7/2,36764.1,-1.0,-1.0,-1.0,-1.0,-1.0,0,1,36979.977,34861.82259375,39690.6194140625
13,8,2010/7/9,32591.17,-1.0,-1.0,-1.0,-1.0,-1.0,0,1,34004.33,31886.174156250003,36714.9709765625
13,8,2010/7/16,34538.39,-1.0,-1.0,-1.0,-1.0,-1.0,0,1,34898.52,32780.3655625,37609.1623828125
13,8,2010/7/23,34699.6,-1.0,-1.0,-1.0,-1.0,-1.0,0,1,34897.008,32778.85384375,37607.6506640625
13,8,2010/7/30,32075.25,-1.0,-1.0,-1.0,-1.0,-1.0,0,1,33222.977,31104.822593750003,35933.6194140625
13,8,2010/8/6,35071.44,-1.0,-1.0,-1.0,-1.0,-1.0,0,1,35965.527,33847.373375,38676.1701953125
13,8,2010/8/13,31096.08,-1.0,-1.0,-1.0,-1.0,-1.0,0,1,33452.605,31334.451500000003,36163.2483203125
13,8,2010/8/20,34240.43,-1.0,-1.0,-1.0,-1.0,-1.0,0,1,34133.477,32015.322593750003,36844.1194140625
13,8,2010/8/27,33368.37,-1.0,-1.0,-1.0,-1.0,-1.0,0,1,33915.05,31796.896812500003,36625.6936328125
13,8,2010/9/3,37037.95,-1.0,-1.0,-1.0,-1.0,-1.0,0,1,36772.11,34653.95540625,39482.7522265625
13,8,2010/9/10,33489.04,-1.0,-1.0,-1.0,-1.0,-1.0,1,5,34698.87,32580.717125000003,37409.5139453125
13,8,2010/9/17,33504.28,-1.0,-1.0,-1.0,-1.0,-1.0,0,1,34331.41,32213.256187500003,37042.0530078125
13,8,2010/9/24,33944.06,-1.0,-1.0,-1.0,-1.0,-1.0,0,1,34355.285,32237.131187500003,37065.9280078125
13,8,2010/10/1,35698.18,-1.0,-1.0,-1.0,-1.0,-1.0,0,1,35607.53,33489.37728125,38318.1741015625
13,8,2010/10/8,35790.64,-1.0,-1.0,-1.0,-1.0,-1.0,0,1,35650.844,33532.68978125,38361.4866015625
13,8,2010/10/15,35239.04,-1.0,-1.0,-1.0,-1.0,-1.0,0,1,35339.336,33221.18196875,38049.9787890625
13,8,2010/10/22,34864.87,-1.0,-1.0,-1.0,-1.0,-1.0,0,1,35612.144,33493.9905625,38322.7873828125
13,8,2010/10/29,37380.15,-1.0,-1.0,-1.0,-1.0,-1.0,0,1,35530.492,33412.33821875,38241.1350390625
13,8,2010/11/5,37224.88,-1.0,-1.0,-1.0,-1.0,-1.0,0,1,37224.074,35105.92025,39934.7170703125
13,8,2010/11/12,37716.11,-1.0,-1.0,-1.0,-1.0,-1.0,0,1,36689.992,34571.83821875,39400.6350390625
13,8,2010/11/19,35753.65,-1.0,-1.0,-1.0,-1.0,-1.0,0,1,36440.715,34322.560875,39151.3576953125
13,8,2010/11/26,40420.15,-1.0,-1.0,-1.0,-1.0,-1.0,1,5,38655.99,36537.8343125,41366.6311328125
13,8,2010/12/3,38988.79,-1.0,-1.0,-1.0,-1.0,-1.0,0,1,38641.46,36523.30696875,41352.1037890625
13,8,2010/12/10,41236.44,-1.0,-1.0,-1.0,-1.0,-1.0,0,1,39574.543,37456.389,42285.1858203125
13,8,2010/12/17,42887.84,-1.0,-1.0,-1.0,-1.0,-1.0,0,1,40081.34,37963.185875,42791.9826953125
13,8,2010/12/24,56570.18,-1.0,-1.0,-1.0,-1.0,-1.0,0,1,51854.72,49736.56478125,54565.3616015625
13,8,2010/12/31,30417.7,-1.0,-1.0,-1.0,-1.0,-1.0,1,5,32091.832,29973.678062500003,34802.4748828125
13,8,2011/1/7,36472.35,-1.0,-1.0,-1.0,-1.0,-1.0,0,1,36595.05,34476.8968125,39305.6936328125
13,8,2011/1/14,35701.34,-1.0,-1.0,-1.0,-1.0,-1.0,0,1,35872.703,33754.54915625,38583.3459765625
13,8,2011/1/21,36100.66,-1.0,-1.0,-1.0,-1.0,-1.0,0,1,36313.906,34195.75228125,39024.5491015625
13,8,2011/1/28,33594.55,-1.0,-1.0,-1.0,-1.0,-1.0,0,1,34457.09,32338.935875000003,37167.7326953125
13,8,2011/2/4,39336.68,-1.0,-1.0,-1.0,-1.0,-1.0,0,1,39145.8,37027.6468125,41856.4436328125
13,8,2011/2/11,36614.82,-1.0,-1.0,-1.0,-1.0,-1.0,1,5,36734.867,34616.71321875,39445.5100390625
13,8,2011/2/18,37668.66,-1.0,-1.0,-1.0,-1.0,-1.0,0,1,37135.82,35017.66634375,39846.4631640625
13,8,2011/2/25,37076.06,-1.0,-1.0,-1.0,-1.0,-1.0,0,1,36818.45,34700.29525,39529.0920703125
13,8,2011/3/4,39275.66,-1.0,-1.0,-1.0,-1.0,-1.0,0,1,39142.805,37024.65071875,41853.4475390625
13,8,2011/3/11,36537.76,-1.0,-1.0,-1.0,-1.0,-1.0,0,1,36627.78,34509.62728125,39338.4241015625
13,8,2011/3/18,35793.88,-1.0,-1.0,-1.0,-1.0,-1.0,0,1,35600.54,33482.38509375,38311.1819140625
13,8,2011/3/25,36731.19,-1.0,-1.0,-1.0,-1.0,-1.0,0,1,36102.004,33983.8499375,38812.6467578125
13,8,2011/4/1,36181.09,-1.0,-1.0,-1.0,-1.0,-1.0,0,1,37496.89,35378.73665625,40207.5334765625
13,8,2011/4/8,36170.89,-1.0,-1.0,-1.0,-1.0,-1.0,0,1,36223.582,34105.4280625,38934.2248828125
13,8,2011/4/15,34067.24,-1.0,-1.0,-1.0,-1.0,-1.0,0,1,34390.406,32272.252281250003,37101.0491015625
13,8,2011/4/22,36389.84,-1.0,-1.0,-1.0,-1.0,-1.0,0,1,35966.97,33848.81478125,38677.6116015625
13,8,2011/4/29,35511.51,-1.0,-1.0,-1.0,-1.0,-1.0,0,1,34973.336,32855.18196875,37683.9787890625
13,8,2011/5/6,37623.09,-1.0,-1.0,-1.0,-1.0,-1.0,0,1,38029.637,35911.48275,40740.2795703125
13,8,2011/5/13,32650.78,-1.0,-1.0,-1.0,-1.0,-1.0,0,1,33462.105,31343.951500000003,36172.7483203125
13,8,2011/5/20,34527.43,-1.0,-1.0,-1.0,-1.0,-1.0,0,1,34340.867,32222.713218750003,37051.5100390625
13,8,2011/5/27,33793.52,-1.0,-1.0,-1.0,-1.0,-1.0,0,1,34184.926,32066.771812500003,36895.5686328125
13,8,2011/6/3,37269.38,-1.0,-1.0,-1.0,-1.0,-1.0,0,1,36510.613,34392.4593125,39221.2561328125
13,8,2011/6/10,34843.62,-1.0,-1.0,-1.0,-1.0,-1.0,0,1,35465.187,33347.03353125,38175.8303515625
13,8,2011/6/17,35819.89,-1.0,-1.0,-1.0,-1.0,-1.0,0,1,36312.53,34194.37728125,39023.1741015625
13,8,2011/6/24,34577.19,-1.0,-1.0,-1.0,-1.0,-1.0,0,1,35618.902,33500.748375,38329.5451953125
13,8,2011/7/1,35233.52,-1.0,-1.0,-1.0,-1.0,-1.0,0,1,35121.344,33003.18978125,37831.9866015625
13,8,2011/7/8,34258.69,-1.0,-1.0,-1.0,-1.0,-1.0,0,1,34595.26,32477.107750000003,37305.9045703125
13,8,2011/7/15,33950.58,-1.0,-1.0,-1.0,-1.0,-1.0,0,1,33939.87,31821.717125000003,36650.5139453125
13,8,2011/7/22,33687.57,-1.0,-1.0,-1.0,-1.0,-1.0,0,1,33980.07,31861.916343750003,36690.7131640625
13,8,2011/7/29,31567.01,-1.0,-1.0,-1.0,-1.0,-1.0,0,1,31946.314,29828.160484375003,34656.9573046875
13,8,2011/8/5,37629.81,-1.0,-1.0,-1.0,-1.0,-1.0,0,1,37105.75,34987.59603125,39816.3928515625
13,8,2011/8/12,33072.53,-1.0,-1.0,-1.0,-1.0,-1.0,0,1,33509.215,31391.060875000003,36219.8576953125
13,8,2011/8/19,34294.2,-1.0,-1.0,-1.0,-1.0,-1.0,0,1,34152.332,32034.178062500003,36862.9748828125
13,8,2011/8/26,31909.13,-1.0,-1.0,-1.0,-1.0,-1.0,0,1,32918.953,30800.799156250003,35629.5959765625
13,8,2011/9/2,35712.03,-1.0,-1.0,-1.0,-1.0,-1.0,0,1,36192.3,34074.1468125,38902.9436328125
13,8,2011/9/9,36063.77,-1.0,-1.0,-1.0,-1.0,-1.0,1,5,35140.934,33022.779625,37851.5764453125
13,8,2011/9/16,34169.06,-1.0,-1.0,-1.0,-1.0,-1.0,0,1,34453.95,32335.795250000003,37164.5920703125
13,8,2011/9/23,34500.18,-1.0,-1.0,-1.0,-1.0,-1.0,0,1,34299.887,32181.732750000003,37010.5295703125
13,8,2011/9/30,33360.29,-1.0,-1.0,-1.0,-1.0,-1.0,0,1,33481.656,31363.502281250003,36192.2991015625
13,8,2011/10/7,38042.36,-1.0,-1.0,-1.0,-1.0,-1.0,0,1,36608.22,34490.06478125,39318.8616015625
13,8,2011/10/14,34763.08,-1.0,-1.0,-1.0,-1.0,-1.0,0,1,34391.58,32273.424156250003,37102.2209765625
13,8,2011/10/21,36738.11,-1.0,-1.0,-1.0,-1.0,-1.0,0,1,35542.617,33424.46321875,38253.2600390625
13,8,2011/10/28,35098.55,-1.0,-1.0,-1.0,-1.0,-1.0,0,1,35092.04,32973.88509375,37802.6819140625
13,8,2011/11/4,38090.36,-1.0,-1.0,-1.0,-1.0,-1.0,0,1,37785.434,35667.279625,40496.0764453125
13,8,2011/11/11,37869.51,31400.97,30876.79,645.07,4407.38,7740.27,0,1,37228.535,35110.3811875,39939.1780078125
13,8,2011/11/18,35870.46,11003.75,1090.92,89.88,1201.3,10231.67,0,1,35512.973,33394.8186875,38223.6155078125
13,8,2011/11/25,36542.77,1282.42,548.1,109030.75,146.33,3557.67,1,5,36413.523,34295.36946875,39124.1662890625
13,8,2011/12/2,35922.52,7945.42,56.0,25126.9,5550.87,31844.2,0,1,36403.07,34284.91634375,39113.7131640625
13,8,2011/12/9,39576.63,5924.71,56.0,577.59,1778.83,20371.02,0,1,38996.52,36878.3655625,41707.1623828125
13,8,2011/12/16,39962.67,3272.56,556.15,959.55,424.43,5933.01,0,1,39984.445,37866.29134375,42695.0881640625
13,8,2011/12/23,51607.23,686.24,193.26,2971.53,239.78,3567.03,0,1,50684.184,48566.029625,53394.8264453125
13,8,2011/12/30,33783.88,5970.81,89121.94,406.4,1772.02,3645.0,1,5,32910.32,30792.166343750003,35620.9631640625
13,8,2012/1/6,35371.37,6809.96,37106.52,179.77,1922.55,7481.58,0,1,35672.652,33554.498375,38383.2951953125
13,8,2012/1/13,35191.74,3627.07,14887.88,119.93,798.48,4668.82,0,1,34922.453,32804.29915625,37633.0959765625
13,8,2012/1/20,36266.11,3150.56,6765.52,87.63,1196.17,3136.96,0,1,36115.773,33997.61946875,38826.4162890625
13,8,2012/1/27,34827.12,3743.0,3744.31,108.46,253.99,3511.82,0,1,34792.03,32673.877281250003,37502.6741015625
13,8,2012/2/3,39080.76,53423.29,5822.12,282.08,57817.56,9654.23,0,1,39144.848,37026.6936875,41855.4905078125
13,8,2012/2/10,35307.65,9264.48,8292.73,179.72,18849.21,9083.54,1,5,35771.348,33653.1936875,38481.9905078125
13,8,2012/2/17,37794.39,21621.16,16497.47,25.52,13643.83,14660.97,0,1,37090.34,34972.185875,39800.9826953125
13,8,2012/2/24,37277.54,16404.54,12013.87,3.4,2584.12,5126.53,0,1,36940.977,34822.82259375,39651.6194140625
13,8,2012/3/2,40418.34,25204.67,2436.75,167.88,16066.76,7289.69,0,1,39824.637,37706.48275,42535.2795703125
13,8,2012/3/9,37634.2,9173.97,339.05,9.44,1300.75,7479.12,0,1,37303.133,35184.97884375,40013.7756640625
13,8,2012/3/16,34510.62,8901.34,637.7,3.85,6169.81,2446.53,0,1,34817.066,32698.912437500003,37527.7092578125
13,8,2012/3/23,34704.09,3489.61,75.36,2.52,827.19,3427.9,0,1,35133.57,33015.41634375,37844.2131640625
13,8,2012/3/30,35231.66,10556.61,43.54,15.84,1116.83,8179.03,0,1,34968.812,32850.65853125,37679.4553515625
13,8,2012/4/6,39599.77,9249.62,-1.0,59.94,3969.24,6016.86,0,1,39009.484,36891.33040625,41720.1272265625
13,8,2012/4/13,35988.62,7419.44,19610.52,54.65,3021.51,3374.9,0,1,35221.96,33103.80696875,37932.6037890625
13,8,2012/4/20,35568.23,22464.84,8216.22,70.45,1561.38,7307.24,0,1,36314.08,34195.92415625,39024.7209765625
13,8,2012/4/27,33271.86,4626.7,0.11,67.16,104.18,3280.73,0,1,33901.92,31783.767906250003,36612.5647265625
19,8,2010/2/5,48449.43,-1.0,-1.0,-1.0,-1.0,-1.0,0,1,43311.383,39902.285527762215,47006.37749307112
19,8,2010/2/12,45921.29,-1.0,-1.0,-1.0,-1.0,-1.0,1,5,40642.984,37233.887090262215,44337.97905557112
19,8,2010/2/19,44518.49,-1.0,-1.0,-1.0,-1.0,-1.0,0,1,40473.965,37064.867559012215,44168.95952432112
19,8,2010/2/26,44208.58,-1.0,-1.0,-1.0,-1.0,-1.0,0,1,40213.37,36804.273809012215,43908.36577432112
19,8,2010/3/5,47326.71,-1.0,-1.0,-1.0,-1.0,-1.0,0,1,41961.83,38552.730840262215,45656.82280557112
19,8,2010/3/12,44584.38,-1.0,-1.0,-1.0,-1.0,-1.0,0,1,39294.125,35885.027715262215,42989.11968057112
19,8,2010/3/19,44366.92,-1.0,-1.0,-1.0,-1.0,-1.0,0,1,43765.535,40356.437871512215,47460.52983682112
19,8,2010/3/26,42435.9,-1.0,-1.0,-1.0,-1.0,-1.0,0,1,42581.07,39171.973027762215,46276.06499307112
19,8,2010/4/2,47609.13,-1.0,-1.0,-1.0,-1.0,-1.0,0,1,47182.344,43773.246465262215,50877.33843057112
19,8,2010/4/9,43384.57,-1.0,-1.0,-1.0,-1.0,-1.0,0,1,42992.48,39583.383184012215,46687.47514932112
19,8,2010/4/16,46835.91,-1.0,-1.0,-1.0,-1.0,-1.0,0,1,45024.797,41615.699590262215,48719.79155557112
19,8,2010/4/23,46598.72,-1.0,-1.0,-1.0,-1.0,-1.0,0,1,45316.39,41907.293340262215,49011.38530557112
19,8,2010/4/30,42998.9,-1.0,-1.0,-1.0,-1.0,-1.0,0,1,42831.93,39422.832402762215,46526.92436807112
19,8,2010/5/7,45240.27,-1.0,-1.0,-1.0,-1.0,-1.0,0,1,44318.31,40909.211309012215,48013.30327432112
19,8,2010/5/14,43651.22,-1.0,-1.0,-1.0,-1.0,-1.0,0,1,43122.258,39713.160527762215,46817.25249307112
19,8,2010/5/21,43227.75,-1.0,-1.0,-1.0,-1.0,-1.0,0,1,43177.95,39768.851934012215,46872.94389932112
19,8,2010/5/28,43340.59,-1.0,-1.0,-1.0,-1.0,-1.0,0,1,43112.75,39703.652715262215,46807.74468057112
19,8,2010/6/4,41241.41,-1.0,-1.0,-1.0,-1.0,-1.0,0,1,42861.29,39452.191777762215,46556.28374307112
19,8,2010/6/11,41627.74,-1.0,-1.0,-1.0,-1.0,-1.0,0,1,42824.07,39414.973027762215,46519.06499307112
19,8,2010/6/18,43108.17,-1.0,-1.0,-1.0,-1.0,-1.0,0,1,43044.234,39635.137090262215,46739.22905557112
19,8,2010/6/25,41388.63,-1.0,-1.0,-1.0,-1.0,-1.0,0,1,42001.496,38592.398809012215,45696.49077432112
19,8,2010/7/2,46122.8,-1.0,-1.0,-1.0,-1.0,-1.0,0,1,45148.605,41739.508184012215,48843.60014932112
19,8,2010/7/9,40923.4,-1.0,-1.0,-1.0,-1.0,-1.0,0,1,41490.65,38081.551152762215,45185.64311807112
19,8,2010/7/16,42387.86,-1.0,-1.0,-1.0,-1.0,-1.0,0,1,42171.848,38762.750371512215,45866.84233682112
19,8,2010/7/23,42282.81,-1.0,-1.0,-1.0,-1.0,-1.0,0,1,42005.6,38596.504277762215,45700.59624307112
19,8,2010/7/30,43181.14,-1.0,-1.0,-1.0,-1.0,-1.0,0,1,42121.59,38712.492559012215,45816.58452432112
19,8,2010/8/6,43497.64,-1.0,-1.0,-1.0,-1.0,-1.0,0,1,43395.383,39986.285527762215,47090.37749307112
19,8,2010/8/13,41894.46,-1.0,-1.0,-1.0,-1.0,-1.0,0,1,41979.33,38570.230840262215,45674.32280557112
19,8,2010/8/20,40159.04,-1.0,-1.0,-1.0,-1.0,-1.0,0,1,41833.12,38424.023809012215,45528.11577432112
19,8,2010/8/27,40638.26,-1.0,-1.0,-1.0,-1.0,-1.0,0,1,41588.59,38179.492559012215,45283.58452432112
19,8,2010/9/3,41625.93,-1.0,-1.0,-1.0,-1.0,-1.0,0,1,42798.746,39389.648809012215,46493.74077432112
19,8,2010/9/10,44531.89,-1.0,-1.0,-1.0,-1.0,-1.0,1,5,43889.17,40480.074590262215,47584.16655557112
19,8,2010/9/17,44032.01,-1.0,-1.0,-1.0,-1.0,-1.0,0,1,43270.684,39861.586309012215,46965.67827432112
19,8,2010/9/24,41540.93,-1.0,-1.0,-1.0,-1.0,-1.0,0,1,42434.742,39025.644902762215,46129.73686807112
19,8,2010/10/1,43071.81,-1.0,-1.0,-1.0,-1.0,-1.0,0,1,43188.18,39779.082402762215,46883.17436807112
19,8,2010/10/8,43589.32,-1.0,-1.0,-1.0,-1.0,-1.0,0,1,42823.062,39413.965215262215,46518.05718057112
19,8,2010/10/15,42554.97,-1.0,-1.0,-1.0,-1.0,-1.0,0,1,42119.9,38710.801152762215,45814.89311807112
19,8,2010/10/22,40478.53,-1.0,-1.0,-1.0,-1.0,-1.0,0,1,41542.297,38133.199590262215,45237.29155557112
19,8,2010/10/29,42842.01,-1.0,-1.0,-1.0,-1.0,-1.0,0,1,42829.98,39420.883184012215,46524.97514932112
19,8,2010/11/5,44255.65,-1.0,-1.0,-1.0,-1.0,-1.0,0,1,43800.215,40391.117559012215,47495.20952432112
19,8,2010/11/12,42275.39,-1.0,-1.0,-1.0,-1.0,-1.0,0,1,42994.99,39585.890996512215,46689.98296182112
19,8,2010/11/19,41601.62,-1.0,-1.0,-1.0,-1.0,-1.0,0,1,42971.3,39562.203496512215,46666.29546182112
19,8,2010/11/26,41233.41,-1.0,-1.0,-1.0,-1.0,-1.0,1,5,42067.32,38658.223027762215,45762.31499307112
19,8,2010/12/3,42372.3,-1.0,-1.0,-1.0,-1.0,-1.0,0,1,42278.855,38869.758184012215,45973.85014932112
19,8,2010/12/10,48503.44,-1.0,-1.0,-1.0,-1.0,-1.0,0,1,47116.9,43707.801152762215,50811.89311807112
19,8,2010/12/17,48995.82,-1.0,-1.0,-1.0,-1.0,-1.0,0,1,48028.137,44619.039434012215,51723.13139932112
19,8,2010/12/24,62278.75,-1.0,-1.0,-1.0,-1.0,-1.0,0,1,60645.254,57236.156621512215,64340.24858682112
19,8,2010/12/31,38026.43,-1.0,-1.0,-1.0,-1.0,-1.0,1,5,38861.625,35452.527715262215,42556.61968057112
19,8,2011/1/7,38257.45,-1.0,-1.0,-1.0,-1.0,-1.0,0,1,39647.062,36237.965215262215,43342.05718057112
19,8,2011/1/14,39152.74,-1.0,-1.0,-1.0,-1.0,-1.0,0,1,39955.805,36546.707402762215,43650.79936807112
19,8,2011/1/21,39204.22,-1.0,-1.0,-1.0,-1.0,-1.0,0,1,39589.312,36180.215215262215,43284.30718057112
19,8,2011/1/28,41259.63,-1.0,-1.0,-1.0,-1.0,-1.0,0,1,41024.086,37614.988652762215,44719.08061807112
19,8,2011/2/4,41865.33,-1.0,-1.0,-1.0,-1.0,-1.0,0,1,42901.49,39492.390996512215,46596.48296182112
19,8,2011/2/11,42786.08,-1.0,-1.0,-1.0,-1.0,-1.0,1,5,42831.4,39422.301152762215,46526.39311807112
19,8,2011/2/18,41912.32,-1.0,-1.0,-1.0,-1.0,-1.0,0,1,41906.5,38497.402715262215,45601.49468057112
19,8,2011/2/25,38032.85,-1.0,-1.0,-1.0,-1.0,-1.0,0,1,39564.133,36155.035527762215,43259.12749307112
19,8,2011/3/4,45049.11,-1.0,-1.0,-1.0,-1.0,-1.0,0,1,44455.39,41046.293340262215,48150.38530557112
19,8,2011/3/11,41517.16,-1.0,-1.0,-1.0,-1.0,-1.0,0,1,41714.62,38305.523809012215,45409.61577432112
19,8,2011/3/18,40852.74,-1.0,-1.0,-1.0,-1.0,-1.0,0,1,41259.695,37850.598027762215,44954.68999307112
19,8,2011/3/25,40983.6,-1.0,-1.0,-1.0,-1.0,-1.0,0,1,40977.4,37568.301152762215,44672.39311807112
19,8,2011/4/1,43407.05,-1.0,-1.0,-1.0,-1.0,-1.0,0,1,42928.2,39519.101934012215,46623.19389932112
19,8,2011/4/8,41232.32,-1.0,-1.0,-1.0,-1.0,-1.0,0,1,41239.477,37830.379277762215,44934.47124307112
19,8,2011/4/15,39767.22,-1.0,-1.0,-1.0,-1.0,-1.0,0,1,39759.504,36350.406621512215,43454.49858682112
19,8,2011/4/22,43053.98,-1.0,-1.0,-1.0,-1.0,-1.0,0,1,41805.727,38396.629277762215,45500.72124307112
19,8,2011/4/29,37202.53,-1.0,-1.0,-1.0,-1.0,-1.0,0,1,38779.562,35370.465215262215,42474.55718057112
19,8,2011/5/6,43059.49,-1.0,-1.0,-1.0,-1.0,-1.0,0,1,42857.187,39448.090215262215,46552.18218057112
19,8,2011/5/13,38660.17,-1.0,-1.0,-1.0,-1.0,-1.0,0,1,39471.113,36062.015996512215,43166.10796182112
19,8,2011/5/20,41148.77,-1.0,-1.0,-1.0,-1.0,-1.0,0,1,41853.19,38444.094121512215,45548.18608682112
19,8,2011/5/27,43042.47,-1.0,-1.0,-1.0,-1.0,-1.0,0,1,42175.074,38765.976934012215,45870.06889932112
19,8,2011/6/3,40999.2,-1.0,-1.0,-1.0,-1.0,-1.0,0,1,41451.473,38042.375371512215,45146.46733682112
19,8,2011/6/10,42140.08,-1.0,-1.0,-1.0,-1.0,-1.0,0,1,41933.223,38524.125371512215,45628.21733682112
19,8,2011/6/17,40628.54,-1.0,-1.0,-1.0,-1.0,-1.0,0,1,41658.715,38249.617559012215,45353.70952432112
19,8,2011/6/24,43510.33,-1.0,-1.0,-1.0,-1.0,-1.0,0,1,42657.113,39248.015996512215,46352.10796182112
19,8,2011/7/1,43067.57,-1.0,-1.0,-1.0,-1.0,-1.0,0,1,42485.85,39076.754277762215,46180.84624307112
19,8,2011/7/8,39899.9,-1.0,-1.0,-1.0,-1.0,-1.0,0,1,40695.492,37286.394902762215,44390.48686807112
19,8,2011/7/15,41355.81,-1.0,-1.0,-1.0,-1.0,-1.0,0,1,41046.184,37637.086309012215,44741.17827432112
19,8,2011/7/22,41488.53,-1.0,-1.0,-1.0,-1.0,-1.0,0,1,41280.246,37871.148809012215,44975.24077432112
19,8,2011/7/29,39032.01,-1.0,-1.0,-1.0,-1.0,-1.0,0,1,39691.437,36282.340215262215,43386.43218057112
19,8,2011/8/5,43708.16,-1.0,-1.0,-1.0,-1.0,-1.0,0,1,43380.973,39971.875371512215,47075.96733682112
19,8,2011/8/12,39387.39,-1.0,-1.0,-1.0,-1.0,-1.0,0,1,40590.406,37181.308965262215,44285.40093057112
19,8,2011/8/19,41515.06,-1.0,-1.0,-1.0,-1.0,-1.0,0,1,41814.69,38405.594121512215,45509.68608682112
19,8,2011/8/26,41202.05,-1.0,-1.0,-1.0,-1.0,-1.0,0,1,41234.58,37825.480840262215,44929.57280557112
19,8,2011/9/2,41445.36,-1.0,-1.0,-1.0,-1.0,-1.0,0,1,42035.715,38626.617559012215,45730.70952432112
19,8,2011/9/9,42516.93,-1.0,-1.0,-1.0,-1.0,-1.0,1,5,42696.375,39287.277715262215,46391.36968057112
19,8,2011/9/16,40502.29,-1.0,-1.0,-1.0,-1.0,-1.0,0,1,41236.035,37826.937871512215,44931.02983682112
19,8,2011/9/23,40142.68,-1.0,-1.0,-1.0,-1.0,-1.0,0,1,41055.37,37646.273809012215,44750.36577432112
19,8,2011/9/30,39715.06,-1.0,-1.0,-1.0,-1.0,-1.0,0,1,40724.93,37315.832402762215,44419.92436807112
19,8,2011/10/7,41686.43,-1.0,-1.0,-1.0,-1.0,-1.0,0,1,42869.95,39460.851934012215,46564.94389932112
19,8,2011/10/14,40581.82,-1.0,-1.0,-1.0,-1.0,-1.0,0,1,41263.875,37854.777715262215,44958.86968057112
19,8,2011/10/21,42480.55,-1.0,-1.0,-1.0,-1.0,-1.0,0,1,42317.258,38908.160527762215,46012.25249307112
19,8,2011/10/28,41552.23,-1.0,-1.0,-1.0,-1.0,-1.0,0,1,41199.234,37790.137090262215,44894.22905557112
19,8,2011/11/4,43076.47,-1.0,-1.0,-1.0,-1.0,-1.0,0,1,43375.074,39965.976934012215,47070.06889932112
19,8,2011/11/11,44921.98,27064.58,16590.75,502.96,8568.62,6349.89,0,1,43183.39,39774.293340262215,46878.38530557112
19,8,2011/11/18,41137.73,10100.14,1785.29,92.36,978.96,7776.94,0,1,41223.984,37814.887090262215,44918.97905557112
19,8,2011/11/25,39432.59,1328.35,1436.52,88805.58,23.79,1869.98,1,5,40510.355,37101.258184012215,44205.35014932112
19,8,2011/12/2,42347.78,7197.6,239.76,9191.67,4716.48,28279.83,0,1,42167.742,38758.644902762215,45862.73686807112
19,8,2011/12/9,45082.62,7210.8,9.5,481.91,4650.7,11954.56,0,1,44462.043,41052.945684012215,48157.03764932112
19,8,2011/12/16,48498.94,5307.81,292.4,825.0,489.96,4799.18,0,1,47475.605,44066.508184012215,51170.60014932112
19,8,2011/12/23,56060.18,3124.45,475.86,1902.55,145.88,3248.83,0,1,56535.187,53126.090215262215,60230.18218057112
19,8,2011/12/30,38795.55,6234.22,50438.17,210.34,1457.96,2373.94,1,5,39160.555,35751.457402762215,42855.54936807112
19,8,2012/1/6,39672.02,9970.68,26073.98,233.88,1552.93,10335.05,0,1,41022.184,37613.086309012215,44717.17827432112
19,8,2012/1/13,37443.74,3504.09,11505.42,291.37,1698.88,5451.32,0,1,38746.37,35337.273809012215,42441.36577432112
19,8,2012/1/20,41395.81,5571.99,5702.57,225.06,1122.08,2863.93,0,1,41142.543,37733.445684012215,44837.53764932112
19,8,2012/1/27,39258.31,3112.37,4031.78,289.74,20.97,2353.81,0,1,39839.617,36430.519902762215,43534.61186807112
19,8,2012/2/3,43701.39,51879.66,6433.83,394.18,52739.02,6473.61,0,1,43788.203,40379.105840262215,47483.19780557112
19,8,2012/2/10,43906.54,12739.73,8415.91,279.21,16150.68,7888.04,1,5,43491.637,40082.539434012215,47186.63139932112
19,8,2012/2/17,39527.04,14910.8,14860.19,82.94,11200.69,7571.06,0,1,41163.746,37754.648809012215,44858.74077432112
19,8,2012/2/24,43187.11,13926.46,11835.35,2.8,4929.34,6287.18,0,1,42498.934,39089.836309012215,46193.92827432112
19,8,2012/3/2,44149.83,28177.29,3485.95,22.78,31324.8,2851.55,0,1,44409.977,41000.879277762215,48104.97124307112
19,8,2012/3/9,42820.48,6724.01,745.75,2.68,1532.63,3952.89,0,1,42775.367,39366.269902762215,46470.36186807112
19,8,2012/3/16,41753.14,8353.56,84.57,3.04,3175.2,2613.7,0,1,41558.832,38149.734746512215,45253.82671182112
19,8,2012/3/23,39626.45,6048.55,170.78,1.02,986.74,2684.83,0,1,40500.363,37091.265996512215,44195.35796182112
19,8,2012/3/30,41954.45,9356.36,134.4,6.75,2056.18,3420.94,0,1,41682.125,38273.027715262215,45377.11968057112
19,8,2012/4/6,47637.51,9337.26,-1.0,52.59,2949.23,5996.69,0,1,46226.85,42817.754277762215,49921.84624307112
19,8,2012/4/13,39786.89,5254.86,12590.76,22.55,1818.94,3264.93,0,1,39655.656,36246.558965262215,43350.65093057112
19,8,2012/4/20,40512.24,6304.48,5712.68,34.16,1321.97,3751.92,0,1,41637.12,38228.023809012215,45332.11577432112
19,8,2012/4/27,42555.58,3735.3,-265.76,52.82,67.72,2959.27,0,1,41720.047,38310.949590262215,45415.04155557112
31,13,2010/2/5,45228.96,-1.0,-1.0,-1.0,-1.0,-1.0,0,1,43311.383,40768.519953125004,46988.7947265625
31,13,2010/2/12,44611.81,-1.0,-1.0,-1.0,-1.0,-1.0,1,5,40642.984,38100.121515625004,44320.3962890625
31,13,2010/2/19,43438.72,-1.0,-1.0,-1.0,-1.0,-1.0,0,1,40473.965,37931.101984375004,44151.3767578125
31,13,2010/2/26,42684.62,-1.0,-1.0,-1.0,-1.0,-1.0,0,1,40213.37,37670.508234375004,43890.7830078125
31,13,2010/3/5,43321.34,-1.0,-1.0,-1.0,-1.0,-1.0,0,1,41961.83,39418.965265625004,45639.2400390625
31,13,2010/3/12,42558.84,-1.0,-1.0,-1.0,-1.0,-1.0,0,1,39294.125,36751.262140625004,42971.5369140625
31,13,2010/3/19,40104.38,-1.0,-1.0,-1.0,-1.0,-1.0,0,1,40133.656,37590.793390625004,43811.0681640625
31,13,2010/3/26,38282.57,-1.0,-1.0,-1.0,-1.0,-1.0,0,1,39155.164,36612.301203125004,42832.5759765625
31,13,2010/4/2,39514.74,-1.0,-1.0,-1.0,-1.0,-1.0,0,1,41977.32,39434.457453125004,45654.7322265625
31,13,2010/4/9,42348.88,-1.0,-1.0,-1.0,-1.0,-1.0,0,1,42273.07,39730.207453125004,45950.4822265625
31,13,2010/4/16,42424.85,-1.0,-1.0,-1.0,-1.0,-1.0,0,1,41997.07,39454.207453125004,45674.4822265625
31,13,2010/4/23,42995.63,-1.0,-1.0,-1.0,-1.0,-1.0,0,1,42651.586,40108.723078125004,46328.9978515625
31,13,2010/4/30,40150.94,-1.0,-1.0,-1.0,-1.0,-1.0,0,1,40952.22,38409.355890625004,44629.6306640625
31,13,2010/5/7,41429.68,-1.0,-1.0,-1.0,-1.0,-1.0,0,1,41595.02,39052.156671875004,45272.4314453125
31,13,2010/5/14,38006.63,-1.0,-1.0,-1.0,-1.0,-1.0,0,1,39400.92,36858.059015625004,43078.3337890625
31,13,2010/5/21,43530.24,-1.0,-1.0,-1.0,-1.0,-1.0,0,1,41784.51,39241.648859375004,45461.9236328125
31,13,2010/5/28,40410.68,-1.0,-1.0,-1.0,-1.0,-1.0,0,1,40230.227,37687.363703125004,43907.6384765625
31,13,2010/6/4,41409.84,-1.0,-1.0,-1.0,-1.0,-1.0,0,1,41489.992,38947.129328125004,45167.4041015625
31,13,2010/6/11,40109.52,-1.0,-1.0,-1.0,-1.0,-1.0,0,1,40214.363,37671.500421875004,43891.7751953125
31,13,2010/6/18,40461.94,-1.0,-1.0,-1.0,-1.0,-1.0,0,1,40487.11,37944.246515625004,44164.5212890625
31,13,2010/6/25,39112.49,-1.0,-1.0,-1.0,-1.0,-1.0,0,1,39820.758,37277.894953125004,43498.1697265625
31,13,2010/7/2,42078.69,-1.0,-1.0,-1.0,-1.0,-1.0,0,1,41735.1,39192.238703125004,45412.5134765625
31,13,2010/7/9,39016.89,-1.0,-1.0,-1.0,-1.0,-1.0,0,1,40439.676,37896.812921875004,44117.0876953125
31,13,2010/7/16,40492.78,-1.0,-1.0,-1.0,-1.0,-1.0,0,1,40952.945,38410.082453125004,44630.3572265625
31,13,2010/7/23,39840.33,-1.0,-1.0,-1.0,-1.0,-1.0,0,1,40466.27,37923.406671875004,44143.6814453125
31,13,2010/7/30,38870.83,-1.0,-1.0,-1.0,-1.0,-1.0,0,1,39023.09,36480.226984375004,42700.5017578125
31,13,2010/8/6,40614.49,-1.0,-1.0,-1.0,-1.0,-1.0,0,1,41713.062,39170.199640625004,45390.4744140625
31,13,2010/8/13,41436.05,-1.0,-1.0,-1.0,-1.0,-1.0,0,1,40640.906,38098.043390625004,44318.3181640625
31,13,2010/8/20,43011.76,-1.0,-1.0,-1.0,-1.0,-1.0,0,1,41817.875,39275.012140625004,45495.2869140625
31,13,2010/8/27,42245.95,-1.0,-1.0,-1.0,-1.0,-1.0,0,1,41346.887,38804.023859375004,45024.2986328125
31,13,2010/9/3,42940.63,-1.0,-1.0,-1.0,-1.0,-1.0,0,1,42614.715,40071.851984375004,46292.1267578125
31,13,2010/9/10,43992.55,-1.0,-1.0,-1.0,-1.0,-1.0,1,5,42345.83,39802.965265625004,46023.2400390625
31,13,2010/9/17,39863.64,-1.0,-1.0,-1.0,-1.0,-1.0,0,1,39402.613,36859.750421875004,43080.0251953125
31,13,2010/9/24,39873.99,-1.0,-1.0,-1.0,-1.0,-1.0,0,1,39528.406,36985.543390625004,43205.8181640625
31,13,2010/10/1,41765.66,-1.0,-1.0,-1.0,-1.0,-1.0,0,1,41411.062,38868.199640625004,45088.4744140625
31,13,2010/10/8,41481.32,-1.0,-1.0,-1.0,-1.0,-1.0,0,1,41690.24,39147.375421875004,45367.6501953125
31,13,2010/10/15,39237.58,-1.0,-1.0,-1.0,-1.0,-1.0,0,1,40418.902,37876.039484375004,44096.3142578125
31,13,2010/10/22,42152.05,-1.0,-1.0,-1.0,-1.0,-1.0,0,1,42200.477,39657.613703125004,45877.8884765625
31,13,2010/10/29,39894.74,-1.0,-1.0,-1.0,-1.0,-1.0,0,1,40266.11,37723.246515625004,43943.5212890625
31,13,2010/11/5,43181.49,-1.0,-1.0,-1.0,-1.0,-1.0,0,1,42907.71,40364.848078125004,46585.1228515625
31,13,2010/11/12,42721.95,-1.0,-1.0,-1.0,-1.0,-1.0,0,1,41918.367,39375.504328125004,45595.7791015625
31,13,2010/11/19,42729.38,-1.0,-1.0,-1.0,-1.0,-1.0,0,1,42460.52,39917.656671875004,46137.9314453125
31,13,2010/11/26,43740.81,-1.0,-1.0,-1.0,-1.0,-1.0,1,5,42888.04,40345.176203125004,46565.4509765625
31,13,2010/12/3,39531.81,-1.0,-1.0,-1.0,-1.0,-1.0,0,1,39865.418,37322.555109375004,43542.8298828125
31,13,2010/12/10,38822.26,-1.0,-1.0,-1.0,-1.0,-1.0,0,1,39606.055,37063.191828125004,43283.4666015625
31,13,2010/12/17,39690.3,-1.0,-1.0,-1.0,-1.0,-1.0,0,1,40296.957,37754.094171875004,43974.3689453125
31,13,2010/12/24,42187.5,-1.0,-1.0,-1.0,-1.0,-1.0,0,1,43229.727,40686.863703125004,46907.1384765625
31,13,2010/12/31,37748.22,-1.0,-1.0,-1.0,-1.0,-1.0,1,5,37808.543,35265.680109375004,41485.9548828125
31,13,2011/1/7,40822.89,-1.0,-1.0,-1.0,-1.0,-1.0,0,1,40904.195,38361.332453125004,44581.6072265625
31,13,2011/1/14,40024.06,-1.0,-1.0,-1.0,-1.0,-1.0,0,1,40258.414,37715.551203125004,43935.8259765625
31,13,2011/1/21,44041.21,-1.0,-1.0,-1.0,-1.0,-1.0,0,1,43364.57,40821.707453125004,47041.9822265625
31,13,2011/1/28,39662.73,-1.0,-1.0,-1.0,-1.0,-1.0,0,1,39757.242,37214.379328125004,43434.6541015625
31,13,2011/2/4,40132.28,-1.0,-1.0,-1.0,-1.0,-1.0,0,1,41408.977,38866.113703125004,45086.3884765625
31,13,2011/2/11,43520.96,-1.0,-1.0,-1.0,-1.0,-1.0,1,5,43535.437,40992.574640625004,47212.8494140625
31,13,2011/2/18,45463.58,-1.0,-1.0,-1.0,-1.0,-1.0,0,1,44885.508,42342.644953125004,48562.9197265625
31,13,2011/2/25,46859.25,-1.0,-1.0,-1.0,-1.0,-1.0,0,1,45570.32,43027.457453125004,49247.7322265625
31,13,2011/3/4,45217.71,-1.0,-1.0,-1.0,-1.0,-1.0,0,1,45002.777,42459.914484375004,48680.1892578125
31,13,2011/3/11,42649.81,-1.0,-1.0,-1.0,-1.0,-1.0,0,1,42744.687,40201.824640625004,46422.0994140625
31,13,2011/3/18,44765.94,-1.0,-1.0,-1.0,-1.0,-1.0,0,1,43148.72,40605.855890625004,46826.1306640625
31,13,2011/3/25,42168.15,-1.0,-1.0,-1.0,-1.0,-1.0,0,1,41701.52,39158.656671875004,45378.9314453125
31,13,2011/4/1,40502.98,-1.0,-1.0,-1.0,-1.0,-1.0,0,1,41147.22,38604.355890625004,44824.6306640625
31,13,2011/4/8,41745.39,-1.0,-1.0,-1.0,-1.0,-1.0,0,1,41848.562,39305.699640625004,45525.9744140625
31,13,2011/4/15,41948.77,-1.0,-1.0,-1.0,-1.0,-1.0,0,1,41940.695,39397.832453125004,45618.1072265625
31,13,2011/4/22,43384.1,-1.0,-1.0,-1.0,-1.0,-1.0,0,1,43619.45,41076.586359375004,47296.8611328125
31,13,2011/4/29,39359.5,-1.0,-1.0,-1.0,-1.0,-1.0,0,1,40193.016,37650.152765625004,43870.4275390625
31,13,2011/5/6,40665.49,-1.0,-1.0,-1.0,-1.0,-1.0,0,1,42461.07,39918.207453125004,46138.4822265625
31,13,2011/5/13,39394.43,-1.0,-1.0,-1.0,-1.0,-1.0,0,1,41037.64,38494.777765625004,44715.0525390625
31,13,2011/5/20,42433.11,-1.0,-1.0,-1.0,-1.0,-1.0,0,1,42780.133,40237.269953125004,46457.5447265625
31,13,2011/5/27,41914.57,-1.0,-1.0,-1.0,-1.0,-1.0,0,1,42277.594,39734.730890625004,45955.0056640625
31,13,2011/6/3,41433.22,-1.0,-1.0,-1.0,-1.0,-1.0,0,1,42014.7,39471.836359375004,45692.1111328125
31,13,2011/6/10,40517.86,-1.0,-1.0,-1.0,-1.0,-1.0,0,1,40891.19,38348.328546875004,44568.6033203125
31,13,2011/6/17,42160.17,-1.0,-1.0,-1.0,-1.0,-1.0,0,1,41488.387,38945.523859375004,45165.7986328125
31,13,2011/6/24,41494.14,-1.0,-1.0,-1.0,-1.0,-1.0,0,1,41190.164,38647.301203125004,44867.5759765625
31,13,2011/7/1,40896.04,-1.0,-1.0,-1.0,-1.0,-1.0,0,1,41270.477,38727.613703125004,44947.8884765625
31,13,2011/7/8,39250.47,-1.0,-1.0,-1.0,-1.0,-1.0,0,1,40351.23,37808.367609375004,44028.6423828125
31,13,2011/7/15,40883.64,-1.0,-1.0,-1.0,-1.0,-1.0,0,1,41019.625,38476.762140625004,44697.0369140625
31,13,2011/7/22,42715.02,-1.0,-1.0,-1.0,-1.0,-1.0,0,1,42687.023,40144.160578125004,46364.4353515625
31,13,2011/7/29,38956.5,-1.0,-1.0,-1.0,-1.0,-1.0,0,1,39209.85,36666.988703125004,42887.2634765625
31,13,2011/8/5,42033.46,-1.0,-1.0,-1.0,-1.0,-1.0,0,1,42561.875,40019.012140625004,46239.2869140625
31,13,2011/8/12,41751.79,-1.0,-1.0,-1.0,-1.0,-1.0,0,1,41724.5,39181.637140625004,45401.9119140625
31,13,2011/8/19,45419.41,-1.0,-1.0,-1.0,-1.0,-1.0,0,1,43538.32,40995.457453125004,47215.7322265625
31,13,2011/8/26,42480.95,-1.0,-1.0,-1.0,-1.0,-1.0,0,1,42261.15,39718.285578125004,45938.5603515625
31,13,2011/9/2,44226.92,-1.0,-1.0,-1.0,-1.0,-1.0,0,1,43830.836,41287.973078125004,47508.2478515625
31,13,2011/9/9,42107.19,-1.0,-1.0,-1.0,-1.0,-1.0,1,5,42557.406,40014.543390625004,46234.8181640625
31,13,2011/9/16,42199.07,-1.0,-1.0,-1.0,-1.0,-1.0,0,1,42031.094,39488.230890625004,45708.5056640625
31,13,2011/9/23,44043.59,-1.0,-1.0,-1.0,-1.0,-1.0,0,1,42533.285,39990.422296875004,46210.6970703125
31,13,2011/9/30,41569.73,-1.0,-1.0,-1.0,-1.0,-1.0,0,1,41261.074,38718.211359375004,44938.4861328125
31,13,2011/10/7,45559.09,-1.0,-1.0,-1.0,-1.0,-1.0,0,1,44063.582,41520.719171875004,47740.9939453125
31,13,2011/10/14,43719.19,-1.0,-1.0,-1.0,-1.0,-1.0,0,1,42599.69,40056.828546875004,46277.1033203125
31,13,2011/10/21,44647.83,-1.0,-1.0,-1.0,-1.0,-1.0,0,1,44082.105,41539.242609375004,47759.5173828125
31,13,2011/10/28,41332.47,-1.0,-1.0,-1.0,-1.0,-1.0,0,1,41614.81,39071.945734375004,45292.2205078125
31,13,2011/11/4,43234.46,-1.0,-1.0,-1.0,-1.0,-1.0,0,1,43884.42,41341.559015625004,47561.8337890625
31,13,2011/11/11,45702.09,25879.08,8716.86,163.33,3983.24,7898.07,0,1,44150.324,41607.461359375004,47827.7361328125
31,13,2011/11/18,46325.73,6756.03,591.76,71.38,462.18,12533.58,0,1,45118.187,42575.324640625004,48795.5994140625
31,13,2011/11/25,47252.42,403.7,92.35,40307.29,95.5,492.36,1,5,46481.164,43938.301203125004,50158.5759765625
31,13,2011/12/2,42838.37,5425.3,96.94,1100.35,2779.95,24475.38,0,1,43143.66,40600.797296875004,46821.0720703125
31,13,2011/12/9,41530.29,2876.83,11.87,471.16,1915.49,11604.37,0,1,42042.035,39499.172296875004,45719.4470703125
31,13,2011/12/16,43998.55,1263.97,47.0,477.99,566.44,5199.2,0,1,44500.324,41957.461359375004,48177.7361328125
31,13,2011/12/23,46385.07,2240.27,18.26,974.28,86.0,6207.39,0,1,47546.473,45003.609796875004,51223.8845703125
31,13,2011/12/30,39469.65,6123.19,24716.69,114.74,845.42,3413.9,1,5,40024.14,37481.277765625004,43701.5525390625
31,13,2012/1/6,44118.01,6105.78,25953.41,91.69,1254.6,6256.02,0,1,44294.66,41751.797296875004,47972.0720703125
31,13,2012/1/13,43539.82,4371.53,14136.14,54.52,719.85,3942.03,0,1,43186.23,40643.367609375004,46863.6423828125
31,13,2012/1/20,44990.05,3918.1,2626.22,74.41,167.56,3302.94,0,1,44771.99,42229.125421875004,48449.4001953125
31,13,2012/1/27,40779.44,2391.52,1189.61,50.82,313.76,4791.34,0,1,41409.336,38866.473078125004,45086.7478515625
31,13,2012/2/3,44700.15,60394.73,2578.65,128.54,33529.14,7737.46,0,1,44663.43,42120.566828125004,48340.8416015625
31,13,2012/2/10,46266.74,16946.96,3789.56,83.24,11187.79,8316.25,1,5,46246.773,43703.910578125004,49924.1853515625
31,13,2012/2/17,44539.56,13158.2,6689.78,10.34,6529.43,7435.73,0,1,44963.348,42420.484796875004,48640.7595703125
31,13,2012/2/24,45384.04,12329.67,4657.57,5.3,1538.63,5781.58,0,1,45590.29,43047.426203125004,49267.7009765625
31,13,2012/3/2,48558.92,21236.34,1039.56,26.38,11668.85,7948.31,0,1,48390.64,45847.777765625004,52068.0525390625
31,13,2012/3/9,45338.61,6284.13,768.91,2.69,1051.13,8527.38,0,1,45396.535,42853.672296875004,49073.9470703125
31,13,2012/3/16,45999.76,6738.65,801.74,8.13,2047.38,7905.67,0,1,45279.344,42736.480890625004,48956.7556640625
31,13,2012/3/23,44058.26,4783.0,70.51,2.38,837.58,6900.79,0,1,43879.594,41336.730890625004,47557.0056640625
31,13,2012/3/30,44506.97,9546.49,584.62,-1.0,1334.23,3691.1,0,1,44441.22,41898.355890625004,48118.6306640625
31,13,2012/4/6,45709.61,12625.17,399.0,21.86,3623.01,16629.1,0,1,45814.973,43272.109796875004,49492.3845703125
31,13,2012/4/13,43005.37,6352.11,4720.65,13.89,1482.03,3076.8,0,1,43541.2,40998.336359375004,47218.6111328125
31,13,2012/4/20,47289.81,8373.31,645.86,16.05,311.94,7709.86,0,1,46897.42,44354.559015625004,50574.8337890625
31,13,2012/4/27,42723.81,2973.44,-0.91,10.16,542.5,9196.82,0,1,42858.062,40315.199640625004,46535.4744140625
